Hour,ID_VWAP_EUR_MWh,ID_Volume_MWh,ID_Trades,ID_High_EUR_MWh,ID_Low_EUR_MWh,ID_Mean_EUR_MWh,ID_Std_QH_EUR_MWh,ID_Range_EUR_MWh,ID_Return,ID_Abs_Return,PZU_Price_RON_MWh,Basis_ID_minus_PZU,Year,Month,Day,HourOfDay,Weekday,Date,ID_Price_Zone
2025-06-01 00:00:00+00:00,74.27680406549972,177.10000000000002,112,110.0,42.66,74.27680406549972,6.455229161873933,21.34,,,499.75,,2025,6,1,0,Sunday,2025-06-01,Normal
2025-06-01 00:00:00+00:00,74.27680406549972,177.10000000000002,112,110.0,42.66,74.27680406549972,6.455229161873933,21.34,0.0,0.0,431.19,,2025,6,1,0,Sunday,2025-06-01,Normal
2025-06-01 00:00:00+00:00,74.27680406549972,177.10000000000002,112,110.0,42.66,74.27680406549972,6.455229161873933,21.34,0.0,0.0,402.96,,2025,6,1,0,Sunday,2025-06-01,Normal
2025-06-01 00:00:00+00:00,74.27680406549972,177.10000000000002,112,110.0,42.66,74.27680406549972,6.455229161873933,21.34,0.0,0.0,369.11,,2025,6,1,0,Sunday,2025-06-01,Normal
2025-06-01 00:00:00+00:00,74.27680406549972,177.10000000000002,112,110.0,42.66,74.27680406549972,6.455229161873933,21.34,0.0,0.0,353.17,,2025,6,1,0,Sunday,2025-06-01,Normal
2025-06-01 00:00:00+00:00,74.27680406549972,177.10000000000002,112,110.0,42.66,74.27680406549972,6.455229161873933,21.34,0.0,0.0,320.93,,2025,6,1,0,Sunday,2025-06-01,Normal
2025-06-01 00:00:00+00:00,74.27680406549972,177.10000000000002,112,110.0,42.66,74.27680406549972,6.455229161873933,21.34,0.0,0.0,176.59,,2025,6,1,0,Sunday,2025-06-01,Normal
2025-06-01 00:00:00+00:00,74.27680406549972,177.10000000000002,112,110.0,42.66,74.27680406549972,6.455229161873933,21.34,0.0,0.0,65.83,,2025,6,1,0,Sunday,2025-06-01,Normal
2025-06-01 00:00:00+00:00,74.27680406549972,177.10000000000002,112,110.0,42.66,74.27680406549972,6.455229161873933,21.34,0.0,0.0,12.15,,2025,6,1,0,Sunday,2025-06-01,Normal
2025-06-01 00:00:00+00:00,74.27680406549972,177.10000000000002,112,110.0,42.66,74.27680406549972,6.455229161873933,21.34,0.0,0.0,-0.05,,2025,6,1,0,Sunday,2025-06-01,Normal
2025-06-01 00:00:00+00:00,74.27680406549972,177.10000000000002,112,110.0,42.66,74.27680406549972,6.455229161873933,21.34,0.0,0.0,-3.04,,2025,6,1,0,Sunday,2025-06-01,Normal
2025-06-01 00:00:00+00:00,74.27680406549972,177.10000000000002,112,110.0,42.66,74.27680406549972,6.455229161873933,21.34,0.0,0.0,-10.67,,2025,6,1,0,Sunday,2025-06-01,Normal
2025-06-01 00:00:00+00:00,74.27680406549972,177.10000000000002,112,110.0,42.66,74.27680406549972,6.455229161873933,21.34,0.0,0.0,-27.76,,2025,6,1,0,Sunday,2025-06-01,Normal
2025-06-01 00:00:00+00:00,74.27680406549972,177.10000000000002,112,110.0,42.66,74.27680406549972,6.455229161873933,21.34,0.0,0.0,-65.48,,2025,6,1,0,Sunday,2025-06-01,Normal
2025-06-01 00:00:00+00:00,74.27680406549972,177.10000000000002,112,110.0,42.66,74.27680406549972,6.455229161873933,21.34,0.0,0.0,-103.34,,2025,6,1,0,Sunday,2025-06-01,Normal
2025-06-01 00:00:00+00:00,74.27680406549972,177.10000000000002,112,110.0,42.66,74.27680406549972,6.455229161873933,21.34,0.0,0.0,-79.04,,2025,6,1,0,Sunday,2025-06-01,Normal
2025-06-01 00:00:00+00:00,74.27680406549972,177.10000000000002,112,110.0,42.66,74.27680406549972,6.455229161873933,21.34,0.0,0.0,-30.38,,2025,6,1,0,Sunday,2025-06-01,Normal
2025-06-01 00:00:00+00:00,74.27680406549972,177.10000000000002,112,110.0,42.66,74.27680406549972,6.455229161873933,21.34,0.0,0.0,132.16,,2025,6,1,0,Sunday,2025-06-01,Normal
2025-06-01 00:00:00+00:00,74.27680406549972,177.10000000000002,112,110.0,42.66,74.27680406549972,6.455229161873933,21.34,0.0,0.0,447.43,,2025,6,1,0,Sunday,2025-06-01,Normal
2025-06-01 00:00:00+00:00,74.27680406549972,177.10000000000002,112,110.0,42.66,74.27680406549972,6.455229161873933,21.34,0.0,0.0,769.34,,2025,6,1,0,Sunday,2025-06-01,Normal
2025-06-01 00:00:00+00:00,74.27680406549972,177.10000000000002,112,110.0,42.66,74.27680406549972,6.455229161873933,21.34,0.0,0.0,707.89,,2025,6,1,0,Sunday,2025-06-01,Normal
2025-06-01 00:00:00+00:00,74.27680406549972,177.10000000000002,112,110.0,42.66,74.27680406549972,6.455229161873933,21.34,0.0,0.0,688.62,,2025,6,1,0,Sunday,2025-06-01,Normal
2025-06-01 00:00:00+00:00,74.27680406549972,177.10000000000002,112,110.0,42.66,74.27680406549972,6.455229161873933,21.34,0.0,0.0,559.77,,2025,6,1,0,Sunday,2025-06-01,Normal
2025-06-01 00:00:00+00:00,74.27680406549972,177.10000000000002,112,110.0,42.66,74.27680406549972,6.455229161873933,21.34,0.0,0.0,495.32,,2025,6,1,0,Sunday,2025-06-01,Normal
2025-06-02 00:00:00+00:00,79.12795288383428,369.3,232,100.19,30.1,79.12795288383428,4.476895031199347,24.70799999999999,0.06531176023751195,0.06531176023751195,474.06,,2025,6,2,0,Monday,2025-06-02,Normal
2025-06-02 00:00:00+00:00,79.12795288383428,369.3,232,100.19,30.1,79.12795288383428,4.476895031199347,24.70799999999999,0.0,0.0,444.6,,2025,6,2,0,Monday,2025-06-02,Normal
2025-06-02 00:00:00+00:00,79.12795288383428,369.3,232,100.19,30.1,79.12795288383428,4.476895031199347,24.70799999999999,0.0,0.0,417.45,,2025,6,2,0,Monday,2025-06-02,Normal
2025-06-02 00:00:00+00:00,79.12795288383428,369.3,232,100.19,30.1,79.12795288383428,4.476895031199347,24.70799999999999,0.0,0.0,422.02,,2025,6,2,0,Monday,2025-06-02,Normal
2025-06-02 00:00:00+00:00,79.12795288383428,369.3,232,100.19,30.1,79.12795288383428,4.476895031199347,24.70799999999999,0.0,0.0,488.39,,2025,6,2,0,Monday,2025-06-02,Normal
2025-06-02 00:00:00+00:00,79.12795288383428,369.3,232,100.19,30.1,79.12795288383428,4.476895031199347,24.70799999999999,0.0,0.0,521.02,,2025,6,2,0,Monday,2025-06-02,Normal
2025-06-02 00:00:00+00:00,79.12795288383428,369.3,232,100.19,30.1,79.12795288383428,4.476895031199347,24.70799999999999,0.0,0.0,565.29,,2025,6,2,0,Monday,2025-06-02,Normal
2025-06-02 00:00:00+00:00,79.12795288383428,369.3,232,100.19,30.1,79.12795288383428,4.476895031199347,24.70799999999999,0.0,0.0,551.21,,2025,6,2,0,Monday,2025-06-02,Normal
2025-06-02 00:00:00+00:00,79.12795288383428,369.3,232,100.19,30.1,79.12795288383428,4.476895031199347,24.70799999999999,0.0,0.0,518.7,,2025,6,2,0,Monday,2025-06-02,Normal
2025-06-02 00:00:00+00:00,79.12795288383428,369.3,232,100.19,30.1,79.12795288383428,4.476895031199347,24.70799999999999,0.0,0.0,445.02,,2025,6,2,0,Monday,2025-06-02,Normal
2025-06-02 00:00:00+00:00,79.12795288383428,369.3,232,100.19,30.1,79.12795288383428,4.476895031199347,24.70799999999999,0.0,0.0,302.14,,2025,6,2,0,Monday,2025-06-02,Normal
2025-06-02 00:00:00+00:00,79.12795288383428,369.3,232,100.19,30.1,79.12795288383428,4.476895031199347,24.70799999999999,0.0,0.0,168.15,,2025,6,2,0,Monday,2025-06-02,Normal
2025-06-02 00:00:00+00:00,79.12795288383428,369.3,232,100.19,30.1,79.12795288383428,4.476895031199347,24.70799999999999,0.0,0.0,101.28,,2025,6,2,0,Monday,2025-06-02,Normal
2025-06-02 00:00:00+00:00,79.12795288383428,369.3,232,100.19,30.1,79.12795288383428,4.476895031199347,24.70799999999999,0.0,0.0,64.7,,2025,6,2,0,Monday,2025-06-02,Normal
2025-06-02 00:00:00+00:00,79.12795288383428,369.3,232,100.19,30.1,79.12795288383428,4.476895031199347,24.70799999999999,0.0,0.0,55.7,,2025,6,2,0,Monday,2025-06-02,Normal
2025-06-02 00:00:00+00:00,79.12795288383428,369.3,232,100.19,30.1,79.12795288383428,4.476895031199347,24.70799999999999,0.0,0.0,100.0,,2025,6,2,0,Monday,2025-06-02,Normal
2025-06-02 00:00:00+00:00,79.12795288383428,369.3,232,100.19,30.1,79.12795288383428,4.476895031199347,24.70799999999999,0.0,0.0,303.83,,2025,6,2,0,Monday,2025-06-02,Normal
2025-06-02 00:00:00+00:00,79.12795288383428,369.3,232,100.19,30.1,79.12795288383428,4.476895031199347,24.70799999999999,0.0,0.0,491.27,,2025,6,2,0,Monday,2025-06-02,Normal
2025-06-02 00:00:00+00:00,79.12795288383428,369.3,232,100.19,30.1,79.12795288383428,4.476895031199347,24.70799999999999,0.0,0.0,797.48,,2025,6,2,0,Monday,2025-06-02,Normal
2025-06-02 00:00:00+00:00,79.12795288383428,369.3,232,100.19,30.1,79.12795288383428,4.476895031199347,24.70799999999999,0.0,0.0,1500.7,,2025,6,2,0,Monday,2025-06-02,Normal
2025-06-02 00:00:00+00:00,79.12795288383428,369.3,232,100.19,30.1,79.12795288383428,4.476895031199347,24.70799999999999,0.0,0.0,2069.82,,2025,6,2,0,Monday,2025-06-02,Normal
2025-06-02 00:00:00+00:00,79.12795288383428,369.3,232,100.19,30.1,79.12795288383428,4.476895031199347,24.70799999999999,0.0,0.0,1256.65,,2025,6,2,0,Monday,2025-06-02,Normal
2025-06-02 00:00:00+00:00,79.12795288383428,369.3,232,100.19,30.1,79.12795288383428,4.476895031199347,24.70799999999999,0.0,0.0,746.64,,2025,6,2,0,Monday,2025-06-02,Normal
2025-06-02 00:00:00+00:00,79.12795288383428,369.3,232,100.19,30.1,79.12795288383428,4.476895031199347,24.70799999999999,0.0,0.0,617.0,,2025,6,2,0,Monday,2025-06-02,Normal
2025-06-03 00:00:00+00:00,117.15654267515923,392.5,225,145.53,50.0,117.15654267515923,13.352224898007425,55.213999999999984,0.48059615351295326,0.48059615351295326,594.85,,2025,6,3,0,Tuesday,2025-06-03,Normal
2025-06-03 00:00:00+00:00,117.15654267515923,392.5,225,145.53,50.0,117.15654267515923,13.352224898007425,55.213999999999984,0.0,0.0,582.78,,2025,6,3,0,Tuesday,2025-06-03,Normal
2025-06-03 00:00:00+00:00,117.15654267515923,392.5,225,145.53,50.0,117.15654267515923,13.352224898007425,55.213999999999984,0.0,0.0,539.45,,2025,6,3,0,Tuesday,2025-06-03,Normal
2025-06-03 00:00:00+00:00,117.15654267515923,392.5,225,145.53,50.0,117.15654267515923,13.352224898007425,55.213999999999984,0.0,0.0,528.75,,2025,6,3,0,Tuesday,2025-06-03,Normal
2025-06-03 00:00:00+00:00,117.15654267515923,392.5,225,145.53,50.0,117.15654267515923,13.352224898007425,55.213999999999984,0.0,0.0,539.03,,2025,6,3,0,Tuesday,2025-06-03,Normal
2025-06-03 00:00:00+00:00,117.15654267515923,392.5,225,145.53,50.0,117.15654267515923,13.352224898007425,55.213999999999984,0.0,0.0,617.81,,2025,6,3,0,Tuesday,2025-06-03,Normal
2025-06-03 00:00:00+00:00,117.15654267515923,392.5,225,145.53,50.0,117.15654267515923,13.352224898007425,55.213999999999984,0.0,0.0,711.26,,2025,6,3,0,Tuesday,2025-06-03,Normal
2025-06-03 00:00:00+00:00,117.15654267515923,392.5,225,145.53,50.0,117.15654267515923,13.352224898007425,55.213999999999984,0.0,0.0,633.25,,2025,6,3,0,Tuesday,2025-06-03,Normal
2025-06-03 00:00:00+00:00,117.15654267515923,392.5,225,145.53,50.0,117.15654267515923,13.352224898007425,55.213999999999984,0.0,0.0,448.41,,2025,6,3,0,Tuesday,2025-06-03,Normal
2025-06-03 00:00:00+00:00,117.15654267515923,392.5,225,145.53,50.0,117.15654267515923,13.352224898007425,55.213999999999984,0.0,0.0,296.46,,2025,6,3,0,Tuesday,2025-06-03,Normal
2025-06-03 00:00:00+00:00,117.15654267515923,392.5,225,145.53,50.0,117.15654267515923,13.352224898007425,55.213999999999984,0.0,0.0,29.53,,2025,6,3,0,Tuesday,2025-06-03,Normal
2025-06-03 00:00:00+00:00,117.15654267515923,392.5,225,145.53,50.0,117.15654267515923,13.352224898007425,55.213999999999984,0.0,0.0,27.72,,2025,6,3,0,Tuesday,2025-06-03,Normal
2025-06-03 00:00:00+00:00,117.15654267515923,392.5,225,145.53,50.0,117.15654267515923,13.352224898007425,55.213999999999984,0.0,0.0,34.03,,2025,6,3,0,Tuesday,2025-06-03,Normal
2025-06-03 00:00:00+00:00,117.15654267515923,392.5,225,145.53,50.0,117.15654267515923,13.352224898007425,55.213999999999984,0.0,0.0,25.92,,2025,6,3,0,Tuesday,2025-06-03,Normal
2025-06-03 00:00:00+00:00,117.15654267515923,392.5,225,145.53,50.0,117.15654267515923,13.352224898007425,55.213999999999984,0.0,0.0,16.96,,2025,6,3,0,Tuesday,2025-06-03,Normal
2025-06-03 00:00:00+00:00,117.15654267515923,392.5,225,145.53,50.0,117.15654267515923,13.352224898007425,55.213999999999984,0.0,0.0,50.21,,2025,6,3,0,Tuesday,2025-06-03,Normal
2025-06-03 00:00:00+00:00,117.15654267515923,392.5,225,145.53,50.0,117.15654267515923,13.352224898007425,55.213999999999984,0.0,0.0,228.99,,2025,6,3,0,Tuesday,2025-06-03,Normal
2025-06-03 00:00:00+00:00,117.15654267515923,392.5,225,145.53,50.0,117.15654267515923,13.352224898007425,55.213999999999984,0.0,0.0,459.61,,2025,6,3,0,Tuesday,2025-06-03,Normal
2025-06-03 00:00:00+00:00,117.15654267515923,392.5,225,145.53,50.0,117.15654267515923,13.352224898007425,55.213999999999984,0.0,0.0,727.78,,2025,6,3,0,Tuesday,2025-06-03,Normal
2025-06-03 00:00:00+00:00,117.15654267515923,392.5,225,145.53,50.0,117.15654267515923,13.352224898007425,55.213999999999984,0.0,0.0,838.34,,2025,6,3,0,Tuesday,2025-06-03,Normal
2025-06-03 00:00:00+00:00,117.15654267515923,392.5,225,145.53,50.0,117.15654267515923,13.352224898007425,55.213999999999984,0.0,0.0,1274.35,,2025,6,3,0,Tuesday,2025-06-03,Normal
2025-06-03 00:00:00+00:00,117.15654267515923,392.5,225,145.53,50.0,117.15654267515923,13.352224898007425,55.213999999999984,0.0,0.0,778.34,,2025,6,3,0,Tuesday,2025-06-03,Normal
2025-06-03 00:00:00+00:00,117.15654267515923,392.5,225,145.53,50.0,117.15654267515923,13.352224898007425,55.213999999999984,0.0,0.0,614.57,,2025,6,3,0,Tuesday,2025-06-03,Normal
2025-06-03 00:00:00+00:00,117.15654267515923,392.5,225,145.53,50.0,117.15654267515923,13.352224898007425,55.213999999999984,0.0,0.0,666.03,,2025,6,3,0,Tuesday,2025-06-03,Normal
2025-06-04 00:00:00+00:00,71.03534486440316,468.3,472,110.99,49.2,71.03534486440316,9.684915448649841,40.586,-0.3936715505393211,0.3936715505393211,606.63,,2025,6,4,0,Wednesday,2025-06-04,Normal
2025-06-04 00:00:00+00:00,71.03534486440316,468.3,472,110.99,49.2,71.03534486440316,9.684915448649841,40.586,0.0,0.0,491.11,,2025,6,4,0,Wednesday,2025-06-04,Normal
2025-06-04 00:00:00+00:00,71.03534486440316,468.3,472,110.99,49.2,71.03534486440316,9.684915448649841,40.586,0.0,0.0,447.93,,2025,6,4,0,Wednesday,2025-06-04,Normal
2025-06-04 00:00:00+00:00,71.03534486440316,468.3,472,110.99,49.2,71.03534486440316,9.684915448649841,40.586,0.0,0.0,442.89,,2025,6,4,0,Wednesday,2025-06-04,Normal
2025-06-04 00:00:00+00:00,71.03534486440316,468.3,472,110.99,49.2,71.03534486440316,9.684915448649841,40.586,0.0,0.0,473.69,,2025,6,4,0,Wednesday,2025-06-04,Normal
2025-06-04 00:00:00+00:00,71.03534486440316,468.3,472,110.99,49.2,71.03534486440316,9.684915448649841,40.586,0.0,0.0,500.0,,2025,6,4,0,Wednesday,2025-06-04,Normal
2025-06-04 00:00:00+00:00,71.03534486440316,468.3,472,110.99,49.2,71.03534486440316,9.684915448649841,40.586,0.0,0.0,513.06,,2025,6,4,0,Wednesday,2025-06-04,Normal
2025-06-04 00:00:00+00:00,71.03534486440316,468.3,472,110.99,49.2,71.03534486440316,9.684915448649841,40.586,0.0,0.0,567.01,,2025,6,4,0,Wednesday,2025-06-04,Normal
2025-06-04 00:00:00+00:00,71.03534486440316,468.3,472,110.99,49.2,71.03534486440316,9.684915448649841,40.586,0.0,0.0,471.42,,2025,6,4,0,Wednesday,2025-06-04,Normal
2025-06-04 00:00:00+00:00,71.03534486440316,468.3,472,110.99,49.2,71.03534486440316,9.684915448649841,40.586,0.0,0.0,262.24,,2025,6,4,0,Wednesday,2025-06-04,Normal
2025-06-04 00:00:00+00:00,71.03534486440316,468.3,472,110.99,49.2,71.03534486440316,9.684915448649841,40.586,0.0,0.0,64.61,,2025,6,4,0,Wednesday,2025-06-04,Normal
2025-06-04 00:00:00+00:00,71.03534486440316,468.3,472,110.99,49.2,71.03534486440316,9.684915448649841,40.586,0.0,0.0,61.19,,2025,6,4,0,Wednesday,2025-06-04,Normal
2025-06-04 00:00:00+00:00,71.03534486440316,468.3,472,110.99,49.2,71.03534486440316,9.684915448649841,40.586,0.0,0.0,48.22,,2025,6,4,0,Wednesday,2025-06-04,Normal
2025-06-04 00:00:00+00:00,71.03534486440316,468.3,472,110.99,49.2,71.03534486440316,9.684915448649841,40.586,0.0,0.0,49.0,,2025,6,4,0,Wednesday,2025-06-04,Normal
2025-06-04 00:00:00+00:00,71.03534486440316,468.3,472,110.99,49.2,71.03534486440316,9.684915448649841,40.586,0.0,0.0,93.58,,2025,6,4,0,Wednesday,2025-06-04,Normal
2025-06-04 00:00:00+00:00,71.03534486440316,468.3,472,110.99,49.2,71.03534486440316,9.684915448649841,40.586,0.0,0.0,260.32,,2025,6,4,0,Wednesday,2025-06-04,Normal
2025-06-04 00:00:00+00:00,71.03534486440316,468.3,472,110.99,49.2,71.03534486440316,9.684915448649841,40.586,0.0,0.0,460.15,,2025,6,4,0,Wednesday,2025-06-04,Normal
2025-06-04 00:00:00+00:00,71.03534486440316,468.3,472,110.99,49.2,71.03534486440316,9.684915448649841,40.586,0.0,0.0,594.68,,2025,6,4,0,Wednesday,2025-06-04,Normal
2025-06-04 00:00:00+00:00,71.03534486440316,468.3,472,110.99,49.2,71.03534486440316,9.684915448649841,40.586,0.0,0.0,809.99,,2025,6,4,0,Wednesday,2025-06-04,Normal
2025-06-04 00:00:00+00:00,71.03534486440316,468.3,472,110.99,49.2,71.03534486440316,9.684915448649841,40.586,0.0,0.0,1081.98,,2025,6,4,0,Wednesday,2025-06-04,Normal
2025-06-04 00:00:00+00:00,71.03534486440316,468.3,472,110.99,49.2,71.03534486440316,9.684915448649841,40.586,0.0,0.0,1718.33,,2025,6,4,0,Wednesday,2025-06-04,Normal
2025-06-04 00:00:00+00:00,71.03534486440316,468.3,472,110.99,49.2,71.03534486440316,9.684915448649841,40.586,0.0,0.0,1254.26,,2025,6,4,0,Wednesday,2025-06-04,Normal
2025-06-04 00:00:00+00:00,71.03534486440316,468.3,472,110.99,49.2,71.03534486440316,9.684915448649841,40.586,0.0,0.0,790.73,,2025,6,4,0,Wednesday,2025-06-04,Normal
2025-06-04 00:00:00+00:00,71.03534486440316,468.3,472,110.99,49.2,71.03534486440316,9.684915448649841,40.586,0.0,0.0,650.89,,2025,6,4,0,Wednesday,2025-06-04,Normal
2025-06-05 00:00:00+00:00,108.73708207604103,331.4,216,200.0,80.06,108.73708207604103,14.225496769422648,47.425999999999995,0.5307461698624167,0.5307461698624167,610.96,,2025,6,5,0,Thursday,2025-06-05,Normal
2025-06-05 00:00:00+00:00,108.73708207604103,331.4,216,200.0,80.06,108.73708207604103,14.225496769422648,47.425999999999995,0.0,0.0,550.22,,2025,6,5,0,Thursday,2025-06-05,Normal
2025-06-05 00:00:00+00:00,108.73708207604103,331.4,216,200.0,80.06,108.73708207604103,14.225496769422648,47.425999999999995,0.0,0.0,505.95,,2025,6,5,0,Thursday,2025-06-05,Normal
2025-06-05 00:00:00+00:00,108.73708207604103,331.4,216,200.0,80.06,108.73708207604103,14.225496769422648,47.425999999999995,0.0,0.0,496.73,,2025,6,5,0,Thursday,2025-06-05,Normal
2025-06-05 00:00:00+00:00,108.73708207604103,331.4,216,200.0,80.06,108.73708207604103,14.225496769422648,47.425999999999995,0.0,0.0,512.01,,2025,6,5,0,Thursday,2025-06-05,Normal
2025-06-05 00:00:00+00:00,108.73708207604103,331.4,216,200.0,80.06,108.73708207604103,14.225496769422648,47.425999999999995,0.0,0.0,541.11,,2025,6,5,0,Thursday,2025-06-05,Normal
2025-06-05 00:00:00+00:00,108.73708207604103,331.4,216,200.0,80.06,108.73708207604103,14.225496769422648,47.425999999999995,0.0,0.0,563.97,,2025,6,5,0,Thursday,2025-06-05,Normal
2025-06-05 00:00:00+00:00,108.73708207604103,331.4,216,200.0,80.06,108.73708207604103,14.225496769422648,47.425999999999995,0.0,0.0,646.42,,2025,6,5,0,Thursday,2025-06-05,Normal
2025-06-05 00:00:00+00:00,108.73708207604103,331.4,216,200.0,80.06,108.73708207604103,14.225496769422648,47.425999999999995,0.0,0.0,515.61,,2025,6,5,0,Thursday,2025-06-05,Normal
2025-06-05 00:00:00+00:00,108.73708207604103,331.4,216,200.0,80.06,108.73708207604103,14.225496769422648,47.425999999999995,0.0,0.0,402.23,,2025,6,5,0,Thursday,2025-06-05,Normal
2025-06-05 00:00:00+00:00,108.73708207604103,331.4,216,200.0,80.06,108.73708207604103,14.225496769422648,47.425999999999995,0.0,0.0,335.6,,2025,6,5,0,Thursday,2025-06-05,Normal
2025-06-05 00:00:00+00:00,108.73708207604103,331.4,216,200.0,80.06,108.73708207604103,14.225496769422648,47.425999999999995,0.0,0.0,247.72,,2025,6,5,0,Thursday,2025-06-05,Normal
2025-06-05 00:00:00+00:00,108.73708207604103,331.4,216,200.0,80.06,108.73708207604103,14.225496769422648,47.425999999999995,0.0,0.0,103.27,,2025,6,5,0,Thursday,2025-06-05,Normal
2025-06-05 00:00:00+00:00,108.73708207604103,331.4,216,200.0,80.06,108.73708207604103,14.225496769422648,47.425999999999995,0.0,0.0,62.06,,2025,6,5,0,Thursday,2025-06-05,Normal
2025-06-05 00:00:00+00:00,108.73708207604103,331.4,216,200.0,80.06,108.73708207604103,14.225496769422648,47.425999999999995,0.0,0.0,43.08,,2025,6,5,0,Thursday,2025-06-05,Normal
2025-06-05 00:00:00+00:00,108.73708207604103,331.4,216,200.0,80.06,108.73708207604103,14.225496769422648,47.425999999999995,0.0,0.0,119.1,,2025,6,5,0,Thursday,2025-06-05,Normal
2025-06-05 00:00:00+00:00,108.73708207604103,331.4,216,200.0,80.06,108.73708207604103,14.225496769422648,47.425999999999995,0.0,0.0,400.0,,2025,6,5,0,Thursday,2025-06-05,Normal
2025-06-05 00:00:00+00:00,108.73708207604103,331.4,216,200.0,80.06,108.73708207604103,14.225496769422648,47.425999999999995,0.0,0.0,500.0,,2025,6,5,0,Thursday,2025-06-05,Normal
2025-06-05 00:00:00+00:00,108.73708207604103,331.4,216,200.0,80.06,108.73708207604103,14.225496769422648,47.425999999999995,0.0,0.0,699.71,,2025,6,5,0,Thursday,2025-06-05,Normal
2025-06-05 00:00:00+00:00,108.73708207604103,331.4,216,200.0,80.06,108.73708207604103,14.225496769422648,47.425999999999995,0.0,0.0,887.83,,2025,6,5,0,Thursday,2025-06-05,Normal
2025-06-05 00:00:00+00:00,108.73708207604103,331.4,216,200.0,80.06,108.73708207604103,14.225496769422648,47.425999999999995,0.0,0.0,1327.94,,2025,6,5,0,Thursday,2025-06-05,Normal
2025-06-05 00:00:00+00:00,108.73708207604103,331.4,216,200.0,80.06,108.73708207604103,14.225496769422648,47.425999999999995,0.0,0.0,685.59,,2025,6,5,0,Thursday,2025-06-05,Normal
2025-06-05 00:00:00+00:00,108.73708207604103,331.4,216,200.0,80.06,108.73708207604103,14.225496769422648,47.425999999999995,0.0,0.0,600.39,,2025,6,5,0,Thursday,2025-06-05,Normal
2025-06-05 00:00:00+00:00,108.73708207604103,331.4,216,200.0,80.06,108.73708207604103,14.225496769422648,47.425999999999995,0.0,0.0,596.25,,2025,6,5,0,Thursday,2025-06-05,Normal
2025-06-06 00:00:00+00:00,101.31810877192983,285.0,227,167.31,45.9,101.31810877192983,18.540057476300426,60.92,-0.06822854873853457,0.06822854873853457,523.61,,2025,6,6,0,Friday,2025-06-06,Normal
2025-06-06 00:00:00+00:00,101.31810877192983,285.0,227,167.31,45.9,101.31810877192983,18.540057476300426,60.92,0.0,0.0,607.69,,2025,6,6,0,Friday,2025-06-06,Normal
2025-06-06 00:00:00+00:00,101.31810877192983,285.0,227,167.31,45.9,101.31810877192983,18.540057476300426,60.92,0.0,0.0,547.92,,2025,6,6,0,Friday,2025-06-06,Normal
2025-06-06 00:00:00+00:00,101.31810877192983,285.0,227,167.31,45.9,101.31810877192983,18.540057476300426,60.92,0.0,0.0,516.7,,2025,6,6,0,Friday,2025-06-06,Normal
2025-06-06 00:00:00+00:00,101.31810877192983,285.0,227,167.31,45.9,101.31810877192983,18.540057476300426,60.92,0.0,0.0,548.57,,2025,6,6,0,Friday,2025-06-06,Normal
2025-06-06 00:00:00+00:00,101.31810877192983,285.0,227,167.31,45.9,101.31810877192983,18.540057476300426,60.92,0.0,0.0,496.71,,2025,6,6,0,Friday,2025-06-06,Normal
2025-06-06 00:00:00+00:00,101.31810877192983,285.0,227,167.31,45.9,101.31810877192983,18.540057476300426,60.92,0.0,0.0,544.47,,2025,6,6,0,Friday,2025-06-06,Normal
2025-06-06 00:00:00+00:00,101.31810877192983,285.0,227,167.31,45.9,101.31810877192983,18.540057476300426,60.92,0.0,0.0,500.0,,2025,6,6,0,Friday,2025-06-06,Normal
2025-06-06 00:00:00+00:00,101.31810877192983,285.0,227,167.31,45.9,101.31810877192983,18.540057476300426,60.92,0.0,0.0,340.46,,2025,6,6,0,Friday,2025-06-06,Normal
2025-06-06 00:00:00+00:00,101.31810877192983,285.0,227,167.31,45.9,101.31810877192983,18.540057476300426,60.92,0.0,0.0,42.66,,2025,6,6,0,Friday,2025-06-06,Normal
2025-06-06 00:00:00+00:00,101.31810877192983,285.0,227,167.31,45.9,101.31810877192983,18.540057476300426,60.92,0.0,0.0,0.2,,2025,6,6,0,Friday,2025-06-06,Normal
2025-06-06 00:00:00+00:00,101.31810877192983,285.0,227,167.31,45.9,101.31810877192983,18.540057476300426,60.92,0.0,0.0,10.0,,2025,6,6,0,Friday,2025-06-06,Normal
2025-06-06 00:00:00+00:00,101.31810877192983,285.0,227,167.31,45.9,101.31810877192983,18.540057476300426,60.92,0.0,0.0,64.38,,2025,6,6,0,Friday,2025-06-06,Normal
2025-06-06 00:00:00+00:00,101.31810877192983,285.0,227,167.31,45.9,101.31810877192983,18.540057476300426,60.92,0.0,0.0,143.92,,2025,6,6,0,Friday,2025-06-06,Normal
2025-06-06 00:00:00+00:00,101.31810877192983,285.0,227,167.31,45.9,101.31810877192983,18.540057476300426,60.92,0.0,0.0,124.88,,2025,6,6,0,Friday,2025-06-06,Normal
2025-06-06 00:00:00+00:00,101.31810877192983,285.0,227,167.31,45.9,101.31810877192983,18.540057476300426,60.92,0.0,0.0,212.73,,2025,6,6,0,Friday,2025-06-06,Normal
2025-06-06 00:00:00+00:00,101.31810877192983,285.0,227,167.31,45.9,101.31810877192983,18.540057476300426,60.92,0.0,0.0,415.09,,2025,6,6,0,Friday,2025-06-06,Normal
2025-06-06 00:00:00+00:00,101.31810877192983,285.0,227,167.31,45.9,101.31810877192983,18.540057476300426,60.92,0.0,0.0,697.81,,2025,6,6,0,Friday,2025-06-06,Normal
2025-06-06 00:00:00+00:00,101.31810877192983,285.0,227,167.31,45.9,101.31810877192983,18.540057476300426,60.92,0.0,0.0,1068.67,,2025,6,6,0,Friday,2025-06-06,Normal
2025-06-06 00:00:00+00:00,101.31810877192983,285.0,227,167.31,45.9,101.31810877192983,18.540057476300426,60.92,0.0,0.0,742.8,,2025,6,6,0,Friday,2025-06-06,Normal
2025-06-06 00:00:00+00:00,101.31810877192983,285.0,227,167.31,45.9,101.31810877192983,18.540057476300426,60.92,0.0,0.0,961.59,,2025,6,6,0,Friday,2025-06-06,Normal
2025-06-06 00:00:00+00:00,101.31810877192983,285.0,227,167.31,45.9,101.31810877192983,18.540057476300426,60.92,0.0,0.0,692.5,,2025,6,6,0,Friday,2025-06-06,Normal
2025-06-06 00:00:00+00:00,101.31810877192983,285.0,227,167.31,45.9,101.31810877192983,18.540057476300426,60.92,0.0,0.0,633.87,,2025,6,6,0,Friday,2025-06-06,Normal
2025-06-06 00:00:00+00:00,101.31810877192983,285.0,227,167.31,45.9,101.31810877192983,18.540057476300426,60.92,0.0,0.0,551.92,,2025,6,6,0,Friday,2025-06-06,Normal
2025-06-07 00:00:00+00:00,103.23574555004377,342.7,450,166.13,77.7,103.23574555004377,9.98435984161782,43.588,0.018926890773599103,0.018926890773599103,524.73,,2025,6,7,0,Saturday,2025-06-07,Normal
2025-06-07 00:00:00+00:00,103.23574555004377,342.7,450,166.13,77.7,103.23574555004377,9.98435984161782,43.588,0.0,0.0,502.85,,2025,6,7,0,Saturday,2025-06-07,Normal
2025-06-07 00:00:00+00:00,103.23574555004377,342.7,450,166.13,77.7,103.23574555004377,9.98435984161782,43.588,0.0,0.0,485.74,,2025,6,7,0,Saturday,2025-06-07,Normal
2025-06-07 00:00:00+00:00,103.23574555004377,342.7,450,166.13,77.7,103.23574555004377,9.98435984161782,43.588,0.0,0.0,486.39,,2025,6,7,0,Saturday,2025-06-07,Normal
2025-06-07 00:00:00+00:00,103.23574555004377,342.7,450,166.13,77.7,103.23574555004377,9.98435984161782,43.588,0.0,0.0,462.48,,2025,6,7,0,Saturday,2025-06-07,Normal
2025-06-07 00:00:00+00:00,103.23574555004377,342.7,450,166.13,77.7,103.23574555004377,9.98435984161782,43.588,0.0,0.0,455.89,,2025,6,7,0,Saturday,2025-06-07,Normal
2025-06-07 00:00:00+00:00,103.23574555004377,342.7,450,166.13,77.7,103.23574555004377,9.98435984161782,43.588,0.0,0.0,410.5,,2025,6,7,0,Saturday,2025-06-07,Normal
2025-06-07 00:00:00+00:00,103.23574555004377,342.7,450,166.13,77.7,103.23574555004377,9.98435984161782,43.588,0.0,0.0,407.25,,2025,6,7,0,Saturday,2025-06-07,Normal
2025-06-07 00:00:00+00:00,103.23574555004377,342.7,450,166.13,77.7,103.23574555004377,9.98435984161782,43.588,0.0,0.0,372.43,,2025,6,7,0,Saturday,2025-06-07,Normal
2025-06-07 00:00:00+00:00,103.23574555004377,342.7,450,166.13,77.7,103.23574555004377,9.98435984161782,43.588,0.0,0.0,300.6,,2025,6,7,0,Saturday,2025-06-07,Normal
2025-06-07 00:00:00+00:00,103.23574555004377,342.7,450,166.13,77.7,103.23574555004377,9.98435984161782,43.588,0.0,0.0,69.28,,2025,6,7,0,Saturday,2025-06-07,Normal
2025-06-07 00:00:00+00:00,103.23574555004377,342.7,450,166.13,77.7,103.23574555004377,9.98435984161782,43.588,0.0,0.0,47.73,,2025,6,7,0,Saturday,2025-06-07,Normal
2025-06-07 00:00:00+00:00,103.23574555004377,342.7,450,166.13,77.7,103.23574555004377,9.98435984161782,43.588,0.0,0.0,6.0,,2025,6,7,0,Saturday,2025-06-07,Normal
2025-06-07 00:00:00+00:00,103.23574555004377,342.7,450,166.13,77.7,103.23574555004377,9.98435984161782,43.588,0.0,0.0,-0.03,,2025,6,7,0,Saturday,2025-06-07,Normal
2025-06-07 00:00:00+00:00,103.23574555004377,342.7,450,166.13,77.7,103.23574555004377,9.98435984161782,43.588,0.0,0.0,-0.08,,2025,6,7,0,Saturday,2025-06-07,Normal
2025-06-07 00:00:00+00:00,103.23574555004377,342.7,450,166.13,77.7,103.23574555004377,9.98435984161782,43.588,0.0,0.0,-0.09,,2025,6,7,0,Saturday,2025-06-07,Normal
2025-06-07 00:00:00+00:00,103.23574555004377,342.7,450,166.13,77.7,103.23574555004377,9.98435984161782,43.588,0.0,0.0,25.71,,2025,6,7,0,Saturday,2025-06-07,Normal
2025-06-07 00:00:00+00:00,103.23574555004377,342.7,450,166.13,77.7,103.23574555004377,9.98435984161782,43.588,0.0,0.0,450.83,,2025,6,7,0,Saturday,2025-06-07,Normal
2025-06-07 00:00:00+00:00,103.23574555004377,342.7,450,166.13,77.7,103.23574555004377,9.98435984161782,43.588,0.0,0.0,685.46,,2025,6,7,0,Saturday,2025-06-07,Normal
2025-06-07 00:00:00+00:00,103.23574555004377,342.7,450,166.13,77.7,103.23574555004377,9.98435984161782,43.588,0.0,0.0,990.68,,2025,6,7,0,Saturday,2025-06-07,Normal
2025-06-07 00:00:00+00:00,103.23574555004377,342.7,450,166.13,77.7,103.23574555004377,9.98435984161782,43.588,0.0,0.0,1138.9,,2025,6,7,0,Saturday,2025-06-07,Normal
2025-06-07 00:00:00+00:00,103.23574555004377,342.7,450,166.13,77.7,103.23574555004377,9.98435984161782,43.588,0.0,0.0,825.06,,2025,6,7,0,Saturday,2025-06-07,Normal
2025-06-07 00:00:00+00:00,103.23574555004377,342.7,450,166.13,77.7,103.23574555004377,9.98435984161782,43.588,0.0,0.0,623.22,,2025,6,7,0,Saturday,2025-06-07,Normal
2025-06-07 00:00:00+00:00,103.23574555004377,342.7,450,166.13,77.7,103.23574555004377,9.98435984161782,43.588,0.0,0.0,598.59,,2025,6,7,0,Saturday,2025-06-07,Normal
2025-06-08 00:00:00+00:00,69.58762550881956,294.79999999999995,331,143.76,-100.0,69.58762550881956,21.280431089882548,114.258,-0.32593478026381095,0.32593478026381095,484.1,,2025,6,8,0,Sunday,2025-06-08,Normal
2025-06-08 00:00:00+00:00,69.58762550881956,294.79999999999995,331,143.76,-100.0,69.58762550881956,21.280431089882548,114.258,0.0,0.0,446.87,,2025,6,8,0,Sunday,2025-06-08,Normal
2025-06-08 00:00:00+00:00,69.58762550881956,294.79999999999995,331,143.76,-100.0,69.58762550881956,21.280431089882548,114.258,0.0,0.0,435.59,,2025,6,8,0,Sunday,2025-06-08,Normal
2025-06-08 00:00:00+00:00,69.58762550881956,294.79999999999995,331,143.76,-100.0,69.58762550881956,21.280431089882548,114.258,0.0,0.0,424.11,,2025,6,8,0,Sunday,2025-06-08,Normal
2025-06-08 00:00:00+00:00,69.58762550881956,294.79999999999995,331,143.76,-100.0,69.58762550881956,21.280431089882548,114.258,0.0,0.0,398.14,,2025,6,8,0,Sunday,2025-06-08,Normal
2025-06-08 00:00:00+00:00,69.58762550881956,294.79999999999995,331,143.76,-100.0,69.58762550881956,21.280431089882548,114.258,0.0,0.0,332.44,,2025,6,8,0,Sunday,2025-06-08,Normal
2025-06-08 00:00:00+00:00,69.58762550881956,294.79999999999995,331,143.76,-100.0,69.58762550881956,21.280431089882548,114.258,0.0,0.0,229.1,,2025,6,8,0,Sunday,2025-06-08,Normal
2025-06-08 00:00:00+00:00,69.58762550881956,294.79999999999995,331,143.76,-100.0,69.58762550881956,21.280431089882548,114.258,0.0,0.0,20.22,,2025,6,8,0,Sunday,2025-06-08,Normal
2025-06-08 00:00:00+00:00,69.58762550881956,294.79999999999995,331,143.76,-100.0,69.58762550881956,21.280431089882548,114.258,0.0,0.0,0.01,,2025,6,8,0,Sunday,2025-06-08,Normal
2025-06-08 00:00:00+00:00,69.58762550881956,294.79999999999995,331,143.76,-100.0,69.58762550881956,21.280431089882548,114.258,0.0,0.0,-2.52,,2025,6,8,0,Sunday,2025-06-08,Normal
2025-06-08 00:00:00+00:00,69.58762550881956,294.79999999999995,331,143.76,-100.0,69.58762550881956,21.280431089882548,114.258,0.0,0.0,-10.08,,2025,6,8,0,Sunday,2025-06-08,Normal
2025-06-08 00:00:00+00:00,69.58762550881956,294.79999999999995,331,143.76,-100.0,69.58762550881956,21.280431089882548,114.258,0.0,0.0,-16.79,,2025,6,8,0,Sunday,2025-06-08,Normal
2025-06-08 00:00:00+00:00,69.58762550881956,294.79999999999995,331,143.76,-100.0,69.58762550881956,21.280431089882548,114.258,0.0,0.0,-86.42,,2025,6,8,0,Sunday,2025-06-08,Normal
2025-06-08 00:00:00+00:00,69.58762550881956,294.79999999999995,331,143.76,-100.0,69.58762550881956,21.280431089882548,114.258,0.0,0.0,-129.34,,2025,6,8,0,Sunday,2025-06-08,Normal
2025-06-08 00:00:00+00:00,69.58762550881956,294.79999999999995,331,143.76,-100.0,69.58762550881956,21.280431089882548,114.258,0.0,0.0,-163.67,,2025,6,8,0,Sunday,2025-06-08,Normal
2025-06-08 00:00:00+00:00,69.58762550881956,294.79999999999995,331,143.76,-100.0,69.58762550881956,21.280431089882548,114.258,0.0,0.0,-30.0,,2025,6,8,0,Sunday,2025-06-08,Normal
2025-06-08 00:00:00+00:00,69.58762550881956,294.79999999999995,331,143.76,-100.0,69.58762550881956,21.280431089882548,114.258,0.0,0.0,72.86,,2025,6,8,0,Sunday,2025-06-08,Normal
2025-06-08 00:00:00+00:00,69.58762550881956,294.79999999999995,331,143.76,-100.0,69.58762550881956,21.280431089882548,114.258,0.0,0.0,461.76,,2025,6,8,0,Sunday,2025-06-08,Normal
2025-06-08 00:00:00+00:00,69.58762550881956,294.79999999999995,331,143.76,-100.0,69.58762550881956,21.280431089882548,114.258,0.0,0.0,795.67,,2025,6,8,0,Sunday,2025-06-08,Normal
2025-06-08 00:00:00+00:00,69.58762550881956,294.79999999999995,331,143.76,-100.0,69.58762550881956,21.280431089882548,114.258,0.0,0.0,763.16,,2025,6,8,0,Sunday,2025-06-08,Normal
2025-06-08 00:00:00+00:00,69.58762550881956,294.79999999999995,331,143.76,-100.0,69.58762550881956,21.280431089882548,114.258,0.0,0.0,895.58,,2025,6,8,0,Sunday,2025-06-08,Normal
2025-06-08 00:00:00+00:00,69.58762550881956,294.79999999999995,331,143.76,-100.0,69.58762550881956,21.280431089882548,114.258,0.0,0.0,801.81,,2025,6,8,0,Sunday,2025-06-08,Normal
2025-06-08 00:00:00+00:00,69.58762550881956,294.79999999999995,331,143.76,-100.0,69.58762550881956,21.280431089882548,114.258,0.0,0.0,628.82,,2025,6,8,0,Sunday,2025-06-08,Normal
2025-06-08 00:00:00+00:00,69.58762550881956,294.79999999999995,331,143.76,-100.0,69.58762550881956,21.280431089882548,114.258,0.0,0.0,508.96,,2025,6,8,0,Sunday,2025-06-08,Normal
2025-06-09 00:00:00+00:00,76.8369344042838,224.10000000000002,162,110.99,4.03,76.8369344042838,13.597871389501694,52.782,0.1041752587828344,0.1041752587828344,499.76,,2025,6,9,0,Monday,2025-06-09,Normal
2025-06-09 00:00:00+00:00,76.8369344042838,224.10000000000002,162,110.99,4.03,76.8369344042838,13.597871389501694,52.782,0.0,0.0,476.54,,2025,6,9,0,Monday,2025-06-09,Normal
2025-06-09 00:00:00+00:00,76.8369344042838,224.10000000000002,162,110.99,4.03,76.8369344042838,13.597871389501694,52.782,0.0,0.0,441.14,,2025,6,9,0,Monday,2025-06-09,Normal
2025-06-09 00:00:00+00:00,76.8369344042838,224.10000000000002,162,110.99,4.03,76.8369344042838,13.597871389501694,52.782,0.0,0.0,429.64,,2025,6,9,0,Monday,2025-06-09,Normal
2025-06-09 00:00:00+00:00,76.8369344042838,224.10000000000002,162,110.99,4.03,76.8369344042838,13.597871389501694,52.782,0.0,0.0,440.35,,2025,6,9,0,Monday,2025-06-09,Normal
2025-06-09 00:00:00+00:00,76.8369344042838,224.10000000000002,162,110.99,4.03,76.8369344042838,13.597871389501694,52.782,0.0,0.0,462.93,,2025,6,9,0,Monday,2025-06-09,Normal
2025-06-09 00:00:00+00:00,76.8369344042838,224.10000000000002,162,110.99,4.03,76.8369344042838,13.597871389501694,52.782,0.0,0.0,470.56,,2025,6,9,0,Monday,2025-06-09,Normal
2025-06-09 00:00:00+00:00,76.8369344042838,224.10000000000002,162,110.99,4.03,76.8369344042838,13.597871389501694,52.782,0.0,0.0,453.33,,2025,6,9,0,Monday,2025-06-09,Normal
2025-06-09 00:00:00+00:00,76.8369344042838,224.10000000000002,162,110.99,4.03,76.8369344042838,13.597871389501694,52.782,0.0,0.0,318.05,,2025,6,9,0,Monday,2025-06-09,Normal
2025-06-09 00:00:00+00:00,76.8369344042838,224.10000000000002,162,110.99,4.03,76.8369344042838,13.597871389501694,52.782,0.0,0.0,82.17,,2025,6,9,0,Monday,2025-06-09,Normal
2025-06-09 00:00:00+00:00,76.8369344042838,224.10000000000002,162,110.99,4.03,76.8369344042838,13.597871389501694,52.782,0.0,0.0,49.67,,2025,6,9,0,Monday,2025-06-09,Normal
2025-06-09 00:00:00+00:00,76.8369344042838,224.10000000000002,162,110.99,4.03,76.8369344042838,13.597871389501694,52.782,0.0,0.0,73.44,,2025,6,9,0,Monday,2025-06-09,Normal
2025-06-09 00:00:00+00:00,76.8369344042838,224.10000000000002,162,110.99,4.03,76.8369344042838,13.597871389501694,52.782,0.0,0.0,63.4,,2025,6,9,0,Monday,2025-06-09,Normal
2025-06-09 00:00:00+00:00,76.8369344042838,224.10000000000002,162,110.99,4.03,76.8369344042838,13.597871389501694,52.782,0.0,0.0,53.93,,2025,6,9,0,Monday,2025-06-09,Normal
2025-06-09 00:00:00+00:00,76.8369344042838,224.10000000000002,162,110.99,4.03,76.8369344042838,13.597871389501694,52.782,0.0,0.0,34.86,,2025,6,9,0,Monday,2025-06-09,Normal
2025-06-09 00:00:00+00:00,76.8369344042838,224.10000000000002,162,110.99,4.03,76.8369344042838,13.597871389501694,52.782,0.0,0.0,35.55,,2025,6,9,0,Monday,2025-06-09,Normal
2025-06-09 00:00:00+00:00,76.8369344042838,224.10000000000002,162,110.99,4.03,76.8369344042838,13.597871389501694,52.782,0.0,0.0,50.42,,2025,6,9,0,Monday,2025-06-09,Normal
2025-06-09 00:00:00+00:00,76.8369344042838,224.10000000000002,162,110.99,4.03,76.8369344042838,13.597871389501694,52.782,0.0,0.0,442.93,,2025,6,9,0,Monday,2025-06-09,Normal
2025-06-09 00:00:00+00:00,76.8369344042838,224.10000000000002,162,110.99,4.03,76.8369344042838,13.597871389501694,52.782,0.0,0.0,619.84,,2025,6,9,0,Monday,2025-06-09,Normal
2025-06-09 00:00:00+00:00,76.8369344042838,224.10000000000002,162,110.99,4.03,76.8369344042838,13.597871389501694,52.782,0.0,0.0,807.84,,2025,6,9,0,Monday,2025-06-09,Normal
2025-06-09 00:00:00+00:00,76.8369344042838,224.10000000000002,162,110.99,4.03,76.8369344042838,13.597871389501694,52.782,0.0,0.0,1139.64,,2025,6,9,0,Monday,2025-06-09,Normal
2025-06-09 00:00:00+00:00,76.8369344042838,224.10000000000002,162,110.99,4.03,76.8369344042838,13.597871389501694,52.782,0.0,0.0,824.26,,2025,6,9,0,Monday,2025-06-09,Normal
2025-06-09 00:00:00+00:00,76.8369344042838,224.10000000000002,162,110.99,4.03,76.8369344042838,13.597871389501694,52.782,0.0,0.0,629.5,,2025,6,9,0,Monday,2025-06-09,Normal
2025-06-09 00:00:00+00:00,76.8369344042838,224.10000000000002,162,110.99,4.03,76.8369344042838,13.597871389501694,52.782,0.0,0.0,535.89,,2025,6,9,0,Monday,2025-06-09,Normal
2025-06-10 00:00:00+00:00,57.721902643933774,404.70000000000005,340,102.77,41.34,57.721902643933774,8.502570741465771,28.26,-0.2487740031346738,0.2487740031346738,453.36,,2025,6,10,0,Tuesday,2025-06-10,P05_or_less
2025-06-10 00:00:00+00:00,57.721902643933774,404.70000000000005,340,102.77,41.34,57.721902643933774,8.502570741465771,28.26,0.0,0.0,412.49,,2025,6,10,0,Tuesday,2025-06-10,P05_or_less
2025-06-10 00:00:00+00:00,57.721902643933774,404.70000000000005,340,102.77,41.34,57.721902643933774,8.502570741465771,28.26,0.0,0.0,358.34,,2025,6,10,0,Tuesday,2025-06-10,P05_or_less
2025-06-10 00:00:00+00:00,57.721902643933774,404.70000000000005,340,102.77,41.34,57.721902643933774,8.502570741465771,28.26,0.0,0.0,311.71,,2025,6,10,0,Tuesday,2025-06-10,P05_or_less
2025-06-10 00:00:00+00:00,57.721902643933774,404.70000000000005,340,102.77,41.34,57.721902643933774,8.502570741465771,28.26,0.0,0.0,283.47,,2025,6,10,0,Tuesday,2025-06-10,P05_or_less
2025-06-10 00:00:00+00:00,57.721902643933774,404.70000000000005,340,102.77,41.34,57.721902643933774,8.502570741465771,28.26,0.0,0.0,354.71,,2025,6,10,0,Tuesday,2025-06-10,P05_or_less
2025-06-10 00:00:00+00:00,57.721902643933774,404.70000000000005,340,102.77,41.34,57.721902643933774,8.502570741465771,28.26,0.0,0.0,412.12,,2025,6,10,0,Tuesday,2025-06-10,P05_or_less
2025-06-10 00:00:00+00:00,57.721902643933774,404.70000000000005,340,102.77,41.34,57.721902643933774,8.502570741465771,28.26,0.0,0.0,429.11,,2025,6,10,0,Tuesday,2025-06-10,P05_or_less
2025-06-10 00:00:00+00:00,57.721902643933774,404.70000000000005,340,102.77,41.34,57.721902643933774,8.502570741465771,28.26,0.0,0.0,434.33,,2025,6,10,0,Tuesday,2025-06-10,P05_or_less
2025-06-10 00:00:00+00:00,57.721902643933774,404.70000000000005,340,102.77,41.34,57.721902643933774,8.502570741465771,28.26,0.0,0.0,331.84,,2025,6,10,0,Tuesday,2025-06-10,P05_or_less
2025-06-10 00:00:00+00:00,57.721902643933774,404.70000000000005,340,102.77,41.34,57.721902643933774,8.502570741465771,28.26,0.0,0.0,116.42,,2025,6,10,0,Tuesday,2025-06-10,P05_or_less
2025-06-10 00:00:00+00:00,57.721902643933774,404.70000000000005,340,102.77,41.34,57.721902643933774,8.502570741465771,28.26,0.0,0.0,44.12,,2025,6,10,0,Tuesday,2025-06-10,P05_or_less
2025-06-10 00:00:00+00:00,57.721902643933774,404.70000000000005,340,102.77,41.34,57.721902643933774,8.502570741465771,28.26,0.0,0.0,57.97,,2025,6,10,0,Tuesday,2025-06-10,P05_or_less
2025-06-10 00:00:00+00:00,57.721902643933774,404.70000000000005,340,102.77,41.34,57.721902643933774,8.502570741465771,28.26,0.0,0.0,70.82,,2025,6,10,0,Tuesday,2025-06-10,P05_or_less
2025-06-10 00:00:00+00:00,57.721902643933774,404.70000000000005,340,102.77,41.34,57.721902643933774,8.502570741465771,28.26,0.0,0.0,153.23,,2025,6,10,0,Tuesday,2025-06-10,P05_or_less
2025-06-10 00:00:00+00:00,57.721902643933774,404.70000000000005,340,102.77,41.34,57.721902643933774,8.502570741465771,28.26,0.0,0.0,314.23,,2025,6,10,0,Tuesday,2025-06-10,P05_or_less
2025-06-10 00:00:00+00:00,57.721902643933774,404.70000000000005,340,102.77,41.34,57.721902643933774,8.502570741465771,28.26,0.0,0.0,449.41,,2025,6,10,0,Tuesday,2025-06-10,P05_or_less
2025-06-10 00:00:00+00:00,57.721902643933774,404.70000000000005,340,102.77,41.34,57.721902643933774,8.502570741465771,28.26,0.0,0.0,533.05,,2025,6,10,0,Tuesday,2025-06-10,P05_or_less
2025-06-10 00:00:00+00:00,57.721902643933774,404.70000000000005,340,102.77,41.34,57.721902643933774,8.502570741465771,28.26,0.0,0.0,688.57,,2025,6,10,0,Tuesday,2025-06-10,P05_or_less
2025-06-10 00:00:00+00:00,57.721902643933774,404.70000000000005,340,102.77,41.34,57.721902643933774,8.502570741465771,28.26,0.0,0.0,1018.43,,2025,6,10,0,Tuesday,2025-06-10,P05_or_less
2025-06-10 00:00:00+00:00,57.721902643933774,404.70000000000005,340,102.77,41.34,57.721902643933774,8.502570741465771,28.26,0.0,0.0,1177.08,,2025,6,10,0,Tuesday,2025-06-10,P05_or_less
2025-06-10 00:00:00+00:00,57.721902643933774,404.70000000000005,340,102.77,41.34,57.721902643933774,8.502570741465771,28.26,0.0,0.0,701.31,,2025,6,10,0,Tuesday,2025-06-10,P05_or_less
2025-06-10 00:00:00+00:00,57.721902643933774,404.70000000000005,340,102.77,41.34,57.721902643933774,8.502570741465771,28.26,0.0,0.0,515.2,,2025,6,10,0,Tuesday,2025-06-10,P05_or_less
2025-06-10 00:00:00+00:00,57.721902643933774,404.70000000000005,340,102.77,41.34,57.721902643933774,8.502570741465771,28.26,0.0,0.0,492.88,,2025,6,10,0,Tuesday,2025-06-10,P05_or_less
2025-06-11 00:00:00+00:00,102.14352741387675,412.2,288,233.91,64.5,102.14352741387675,17.510096763986912,72.086,0.769580050816489,0.769580050816489,408.98,,2025,6,11,0,Wednesday,2025-06-11,Normal
2025-06-11 00:00:00+00:00,102.14352741387675,412.2,288,233.91,64.5,102.14352741387675,17.510096763986912,72.086,0.0,0.0,378.1,,2025,6,11,0,Wednesday,2025-06-11,Normal
2025-06-11 00:00:00+00:00,102.14352741387675,412.2,288,233.91,64.5,102.14352741387675,17.510096763986912,72.086,0.0,0.0,347.85,,2025,6,11,0,Wednesday,2025-06-11,Normal
2025-06-11 00:00:00+00:00,102.14352741387675,412.2,288,233.91,64.5,102.14352741387675,17.510096763986912,72.086,0.0,0.0,366.25,,2025,6,11,0,Wednesday,2025-06-11,Normal
2025-06-11 00:00:00+00:00,102.14352741387675,412.2,288,233.91,64.5,102.14352741387675,17.510096763986912,72.086,0.0,0.0,369.86,,2025,6,11,0,Wednesday,2025-06-11,Normal
2025-06-11 00:00:00+00:00,102.14352741387675,412.2,288,233.91,64.5,102.14352741387675,17.510096763986912,72.086,0.0,0.0,441.96,,2025,6,11,0,Wednesday,2025-06-11,Normal
2025-06-11 00:00:00+00:00,102.14352741387675,412.2,288,233.91,64.5,102.14352741387675,17.510096763986912,72.086,0.0,0.0,552.83,,2025,6,11,0,Wednesday,2025-06-11,Normal
2025-06-11 00:00:00+00:00,102.14352741387675,412.2,288,233.91,64.5,102.14352741387675,17.510096763986912,72.086,0.0,0.0,532.38,,2025,6,11,0,Wednesday,2025-06-11,Normal
2025-06-11 00:00:00+00:00,102.14352741387675,412.2,288,233.91,64.5,102.14352741387675,17.510096763986912,72.086,0.0,0.0,415.06,,2025,6,11,0,Wednesday,2025-06-11,Normal
2025-06-11 00:00:00+00:00,102.14352741387675,412.2,288,233.91,64.5,102.14352741387675,17.510096763986912,72.086,0.0,0.0,301.49,,2025,6,11,0,Wednesday,2025-06-11,Normal
2025-06-11 00:00:00+00:00,102.14352741387675,412.2,288,233.91,64.5,102.14352741387675,17.510096763986912,72.086,0.0,0.0,100.84,,2025,6,11,0,Wednesday,2025-06-11,Normal
2025-06-11 00:00:00+00:00,102.14352741387675,412.2,288,233.91,64.5,102.14352741387675,17.510096763986912,72.086,0.0,0.0,22.09,,2025,6,11,0,Wednesday,2025-06-11,Normal
2025-06-11 00:00:00+00:00,102.14352741387675,412.2,288,233.91,64.5,102.14352741387675,17.510096763986912,72.086,0.0,0.0,42.13,,2025,6,11,0,Wednesday,2025-06-11,Normal
2025-06-11 00:00:00+00:00,102.14352741387675,412.2,288,233.91,64.5,102.14352741387675,17.510096763986912,72.086,0.0,0.0,51.58,,2025,6,11,0,Wednesday,2025-06-11,Normal
2025-06-11 00:00:00+00:00,102.14352741387675,412.2,288,233.91,64.5,102.14352741387675,17.510096763986912,72.086,0.0,0.0,76.01,,2025,6,11,0,Wednesday,2025-06-11,Normal
2025-06-11 00:00:00+00:00,102.14352741387675,412.2,288,233.91,64.5,102.14352741387675,17.510096763986912,72.086,0.0,0.0,169.02,,2025,6,11,0,Wednesday,2025-06-11,Normal
2025-06-11 00:00:00+00:00,102.14352741387675,412.2,288,233.91,64.5,102.14352741387675,17.510096763986912,72.086,0.0,0.0,399.32,,2025,6,11,0,Wednesday,2025-06-11,Normal
2025-06-11 00:00:00+00:00,102.14352741387675,412.2,288,233.91,64.5,102.14352741387675,17.510096763986912,72.086,0.0,0.0,529.23,,2025,6,11,0,Wednesday,2025-06-11,Normal
2025-06-11 00:00:00+00:00,102.14352741387675,412.2,288,233.91,64.5,102.14352741387675,17.510096763986912,72.086,0.0,0.0,714.86,,2025,6,11,0,Wednesday,2025-06-11,Normal
2025-06-11 00:00:00+00:00,102.14352741387675,412.2,288,233.91,64.5,102.14352741387675,17.510096763986912,72.086,0.0,0.0,759.33,,2025,6,11,0,Wednesday,2025-06-11,Normal
2025-06-11 00:00:00+00:00,102.14352741387675,412.2,288,233.91,64.5,102.14352741387675,17.510096763986912,72.086,0.0,0.0,1105.05,,2025,6,11,0,Wednesday,2025-06-11,Normal
2025-06-11 00:00:00+00:00,102.14352741387675,412.2,288,233.91,64.5,102.14352741387675,17.510096763986912,72.086,0.0,0.0,936.35,,2025,6,11,0,Wednesday,2025-06-11,Normal
2025-06-11 00:00:00+00:00,102.14352741387675,412.2,288,233.91,64.5,102.14352741387675,17.510096763986912,72.086,0.0,0.0,621.1,,2025,6,11,0,Wednesday,2025-06-11,Normal
2025-06-11 00:00:00+00:00,102.14352741387675,412.2,288,233.91,64.5,102.14352741387675,17.510096763986912,72.086,0.0,0.0,522.71,,2025,6,11,0,Wednesday,2025-06-11,Normal
2025-06-12 00:00:00+00:00,100.9479354094579,606.9,259,200.0,55.06,100.9479354094579,18.231786987206682,61.370000000000005,-0.011705019737319411,0.011705019737319411,540.72,,2025,6,12,0,Thursday,2025-06-12,Normal
2025-06-12 00:00:00+00:00,100.9479354094579,606.9,259,200.0,55.06,100.9479354094579,18.231786987206682,61.370000000000005,0.0,0.0,453.29,,2025,6,12,0,Thursday,2025-06-12,Normal
2025-06-12 00:00:00+00:00,100.9479354094579,606.9,259,200.0,55.06,100.9479354094579,18.231786987206682,61.370000000000005,0.0,0.0,426.96,,2025,6,12,0,Thursday,2025-06-12,Normal
2025-06-12 00:00:00+00:00,100.9479354094579,606.9,259,200.0,55.06,100.9479354094579,18.231786987206682,61.370000000000005,0.0,0.0,428.7,,2025,6,12,0,Thursday,2025-06-12,Normal
2025-06-12 00:00:00+00:00,100.9479354094579,606.9,259,200.0,55.06,100.9479354094579,18.231786987206682,61.370000000000005,0.0,0.0,450.0,,2025,6,12,0,Thursday,2025-06-12,Normal
2025-06-12 00:00:00+00:00,100.9479354094579,606.9,259,200.0,55.06,100.9479354094579,18.231786987206682,61.370000000000005,0.0,0.0,487.98,,2025,6,12,0,Thursday,2025-06-12,Normal
2025-06-12 00:00:00+00:00,100.9479354094579,606.9,259,200.0,55.06,100.9479354094579,18.231786987206682,61.370000000000005,0.0,0.0,563.06,,2025,6,12,0,Thursday,2025-06-12,Normal
2025-06-12 00:00:00+00:00,100.9479354094579,606.9,259,200.0,55.06,100.9479354094579,18.231786987206682,61.370000000000005,0.0,0.0,401.03,,2025,6,12,0,Thursday,2025-06-12,Normal
2025-06-12 00:00:00+00:00,100.9479354094579,606.9,259,200.0,55.06,100.9479354094579,18.231786987206682,61.370000000000005,0.0,0.0,389.17,,2025,6,12,0,Thursday,2025-06-12,Normal
2025-06-12 00:00:00+00:00,100.9479354094579,606.9,259,200.0,55.06,100.9479354094579,18.231786987206682,61.370000000000005,0.0,0.0,184.67,,2025,6,12,0,Thursday,2025-06-12,Normal
2025-06-12 00:00:00+00:00,100.9479354094579,606.9,259,200.0,55.06,100.9479354094579,18.231786987206682,61.370000000000005,0.0,0.0,0.05,,2025,6,12,0,Thursday,2025-06-12,Normal
2025-06-12 00:00:00+00:00,100.9479354094579,606.9,259,200.0,55.06,100.9479354094579,18.231786987206682,61.370000000000005,0.0,0.0,35.26,,2025,6,12,0,Thursday,2025-06-12,Normal
2025-06-12 00:00:00+00:00,100.9479354094579,606.9,259,200.0,55.06,100.9479354094579,18.231786987206682,61.370000000000005,0.0,0.0,70.26,,2025,6,12,0,Thursday,2025-06-12,Normal
2025-06-12 00:00:00+00:00,100.9479354094579,606.9,259,200.0,55.06,100.9479354094579,18.231786987206682,61.370000000000005,0.0,0.0,75.55,,2025,6,12,0,Thursday,2025-06-12,Normal
2025-06-12 00:00:00+00:00,100.9479354094579,606.9,259,200.0,55.06,100.9479354094579,18.231786987206682,61.370000000000005,0.0,0.0,160.45,,2025,6,12,0,Thursday,2025-06-12,Normal
2025-06-12 00:00:00+00:00,100.9479354094579,606.9,259,200.0,55.06,100.9479354094579,18.231786987206682,61.370000000000005,0.0,0.0,203.15,,2025,6,12,0,Thursday,2025-06-12,Normal
2025-06-12 00:00:00+00:00,100.9479354094579,606.9,259,200.0,55.06,100.9479354094579,18.231786987206682,61.370000000000005,0.0,0.0,321.1,,2025,6,12,0,Thursday,2025-06-12,Normal
2025-06-12 00:00:00+00:00,100.9479354094579,606.9,259,200.0,55.06,100.9479354094579,18.231786987206682,61.370000000000005,0.0,0.0,460.0,,2025,6,12,0,Thursday,2025-06-12,Normal
2025-06-12 00:00:00+00:00,100.9479354094579,606.9,259,200.0,55.06,100.9479354094579,18.231786987206682,61.370000000000005,0.0,0.0,659.36,,2025,6,12,0,Thursday,2025-06-12,Normal
2025-06-12 00:00:00+00:00,100.9479354094579,606.9,259,200.0,55.06,100.9479354094579,18.231786987206682,61.370000000000005,0.0,0.0,954.13,,2025,6,12,0,Thursday,2025-06-12,Normal
2025-06-12 00:00:00+00:00,100.9479354094579,606.9,259,200.0,55.06,100.9479354094579,18.231786987206682,61.370000000000005,0.0,0.0,1109.38,,2025,6,12,0,Thursday,2025-06-12,Normal
2025-06-12 00:00:00+00:00,100.9479354094579,606.9,259,200.0,55.06,100.9479354094579,18.231786987206682,61.370000000000005,0.0,0.0,766.81,,2025,6,12,0,Thursday,2025-06-12,Normal
2025-06-12 00:00:00+00:00,100.9479354094579,606.9,259,200.0,55.06,100.9479354094579,18.231786987206682,61.370000000000005,0.0,0.0,643.38,,2025,6,12,0,Thursday,2025-06-12,Normal
2025-06-12 00:00:00+00:00,100.9479354094579,606.9,259,200.0,55.06,100.9479354094579,18.231786987206682,61.370000000000005,0.0,0.0,540.24,,2025,6,12,0,Thursday,2025-06-12,Normal
2025-06-13 00:00:00+00:00,102.47768385460694,236.6,122,135.0,60.33,102.47768385460694,17.833152145540033,46.948,0.015153835875336918,0.015153835875336918,562.76,,2025,6,13,0,Friday,2025-06-13,Normal
2025-06-13 00:00:00+00:00,102.47768385460694,236.6,122,135.0,60.33,102.47768385460694,17.833152145540033,46.948,0.0,0.0,487.16,,2025,6,13,0,Friday,2025-06-13,Normal
2025-06-13 00:00:00+00:00,102.47768385460694,236.6,122,135.0,60.33,102.47768385460694,17.833152145540033,46.948,0.0,0.0,460.0,,2025,6,13,0,Friday,2025-06-13,Normal
2025-06-13 00:00:00+00:00,102.47768385460694,236.6,122,135.0,60.33,102.47768385460694,17.833152145540033,46.948,0.0,0.0,446.63,,2025,6,13,0,Friday,2025-06-13,Normal
2025-06-13 00:00:00+00:00,102.47768385460694,236.6,122,135.0,60.33,102.47768385460694,17.833152145540033,46.948,0.0,0.0,436.27,,2025,6,13,0,Friday,2025-06-13,Normal
2025-06-13 00:00:00+00:00,102.47768385460694,236.6,122,135.0,60.33,102.47768385460694,17.833152145540033,46.948,0.0,0.0,474.08,,2025,6,13,0,Friday,2025-06-13,Normal
2025-06-13 00:00:00+00:00,102.47768385460694,236.6,122,135.0,60.33,102.47768385460694,17.833152145540033,46.948,0.0,0.0,509.33,,2025,6,13,0,Friday,2025-06-13,Normal
2025-06-13 00:00:00+00:00,102.47768385460694,236.6,122,135.0,60.33,102.47768385460694,17.833152145540033,46.948,0.0,0.0,439.09,,2025,6,13,0,Friday,2025-06-13,Normal
2025-06-13 00:00:00+00:00,102.47768385460694,236.6,122,135.0,60.33,102.47768385460694,17.833152145540033,46.948,0.0,0.0,382.13,,2025,6,13,0,Friday,2025-06-13,Normal
2025-06-13 00:00:00+00:00,102.47768385460694,236.6,122,135.0,60.33,102.47768385460694,17.833152145540033,46.948,0.0,0.0,202.0,,2025,6,13,0,Friday,2025-06-13,Normal
2025-06-13 00:00:00+00:00,102.47768385460694,236.6,122,135.0,60.33,102.47768385460694,17.833152145540033,46.948,0.0,0.0,42.39,,2025,6,13,0,Friday,2025-06-13,Normal
2025-06-13 00:00:00+00:00,102.47768385460694,236.6,122,135.0,60.33,102.47768385460694,17.833152145540033,46.948,0.0,0.0,64.23,,2025,6,13,0,Friday,2025-06-13,Normal
2025-06-13 00:00:00+00:00,102.47768385460694,236.6,122,135.0,60.33,102.47768385460694,17.833152145540033,46.948,0.0,0.0,75.38,,2025,6,13,0,Friday,2025-06-13,Normal
2025-06-13 00:00:00+00:00,102.47768385460694,236.6,122,135.0,60.33,102.47768385460694,17.833152145540033,46.948,0.0,0.0,80.35,,2025,6,13,0,Friday,2025-06-13,Normal
2025-06-13 00:00:00+00:00,102.47768385460694,236.6,122,135.0,60.33,102.47768385460694,17.833152145540033,46.948,0.0,0.0,80.38,,2025,6,13,0,Friday,2025-06-13,Normal
2025-06-13 00:00:00+00:00,102.47768385460694,236.6,122,135.0,60.33,102.47768385460694,17.833152145540033,46.948,0.0,0.0,262.21,,2025,6,13,0,Friday,2025-06-13,Normal
2025-06-13 00:00:00+00:00,102.47768385460694,236.6,122,135.0,60.33,102.47768385460694,17.833152145540033,46.948,0.0,0.0,386.55,,2025,6,13,0,Friday,2025-06-13,Normal
2025-06-13 00:00:00+00:00,102.47768385460694,236.6,122,135.0,60.33,102.47768385460694,17.833152145540033,46.948,0.0,0.0,512.86,,2025,6,13,0,Friday,2025-06-13,Normal
2025-06-13 00:00:00+00:00,102.47768385460694,236.6,122,135.0,60.33,102.47768385460694,17.833152145540033,46.948,0.0,0.0,614.87,,2025,6,13,0,Friday,2025-06-13,Normal
2025-06-13 00:00:00+00:00,102.47768385460694,236.6,122,135.0,60.33,102.47768385460694,17.833152145540033,46.948,0.0,0.0,954.77,,2025,6,13,0,Friday,2025-06-13,Normal
2025-06-13 00:00:00+00:00,102.47768385460694,236.6,122,135.0,60.33,102.47768385460694,17.833152145540033,46.948,0.0,0.0,884.09,,2025,6,13,0,Friday,2025-06-13,Normal
2025-06-13 00:00:00+00:00,102.47768385460694,236.6,122,135.0,60.33,102.47768385460694,17.833152145540033,46.948,0.0,0.0,792.06,,2025,6,13,0,Friday,2025-06-13,Normal
2025-06-13 00:00:00+00:00,102.47768385460694,236.6,122,135.0,60.33,102.47768385460694,17.833152145540033,46.948,0.0,0.0,663.97,,2025,6,13,0,Friday,2025-06-13,Normal
2025-06-13 00:00:00+00:00,102.47768385460694,236.6,122,135.0,60.33,102.47768385460694,17.833152145540033,46.948,0.0,0.0,578.68,,2025,6,13,0,Friday,2025-06-13,Normal
2025-06-14 00:00:00+00:00,42.613939075630256,476.0,204,115.21,-55.13,42.613939075630256,30.238674831610933,90.064,-0.5841637176725231,0.5841637176725231,555.78,,2025,6,14,0,Saturday,2025-06-14,P05_or_less
2025-06-14 00:00:00+00:00,42.613939075630256,476.0,204,115.21,-55.13,42.613939075630256,30.238674831610933,90.064,0.0,0.0,468.09,,2025,6,14,0,Saturday,2025-06-14,P05_or_less
2025-06-14 00:00:00+00:00,42.613939075630256,476.0,204,115.21,-55.13,42.613939075630256,30.238674831610933,90.064,0.0,0.0,439.17,,2025,6,14,0,Saturday,2025-06-14,P05_or_less
2025-06-14 00:00:00+00:00,42.613939075630256,476.0,204,115.21,-55.13,42.613939075630256,30.238674831610933,90.064,0.0,0.0,412.94,,2025,6,14,0,Saturday,2025-06-14,P05_or_less
2025-06-14 00:00:00+00:00,42.613939075630256,476.0,204,115.21,-55.13,42.613939075630256,30.238674831610933,90.064,0.0,0.0,354.24,,2025,6,14,0,Saturday,2025-06-14,P05_or_less
2025-06-14 00:00:00+00:00,42.613939075630256,476.0,204,115.21,-55.13,42.613939075630256,30.238674831610933,90.064,0.0,0.0,323.3,,2025,6,14,0,Saturday,2025-06-14,P05_or_less
2025-06-14 00:00:00+00:00,42.613939075630256,476.0,204,115.21,-55.13,42.613939075630256,30.238674831610933,90.064,0.0,0.0,261.53,,2025,6,14,0,Saturday,2025-06-14,P05_or_less
2025-06-14 00:00:00+00:00,42.613939075630256,476.0,204,115.21,-55.13,42.613939075630256,30.238674831610933,90.064,0.0,0.0,111.75,,2025,6,14,0,Saturday,2025-06-14,P05_or_less
2025-06-14 00:00:00+00:00,42.613939075630256,476.0,204,115.21,-55.13,42.613939075630256,30.238674831610933,90.064,0.0,0.0,42.41,,2025,6,14,0,Saturday,2025-06-14,P05_or_less
2025-06-14 00:00:00+00:00,42.613939075630256,476.0,204,115.21,-55.13,42.613939075630256,30.238674831610933,90.064,0.0,0.0,0.1,,2025,6,14,0,Saturday,2025-06-14,P05_or_less
2025-06-14 00:00:00+00:00,42.613939075630256,476.0,204,115.21,-55.13,42.613939075630256,30.238674831610933,90.064,0.0,0.0,0.02,,2025,6,14,0,Saturday,2025-06-14,P05_or_less
2025-06-14 00:00:00+00:00,42.613939075630256,476.0,204,115.21,-55.13,42.613939075630256,30.238674831610933,90.064,0.0,0.0,-50.0,,2025,6,14,0,Saturday,2025-06-14,P05_or_less
2025-06-14 00:00:00+00:00,42.613939075630256,476.0,204,115.21,-55.13,42.613939075630256,30.238674831610933,90.064,0.0,0.0,0.02,,2025,6,14,0,Saturday,2025-06-14,P05_or_less
2025-06-14 00:00:00+00:00,42.613939075630256,476.0,204,115.21,-55.13,42.613939075630256,30.238674831610933,90.064,0.0,0.0,-5.12,,2025,6,14,0,Saturday,2025-06-14,P05_or_less
2025-06-14 00:00:00+00:00,42.613939075630256,476.0,204,115.21,-55.13,42.613939075630256,30.238674831610933,90.064,0.0,0.0,0.0,,2025,6,14,0,Saturday,2025-06-14,P05_or_less
2025-06-14 00:00:00+00:00,42.613939075630256,476.0,204,115.21,-55.13,42.613939075630256,30.238674831610933,90.064,0.0,0.0,-0.02,,2025,6,14,0,Saturday,2025-06-14,P05_or_less
2025-06-14 00:00:00+00:00,42.613939075630256,476.0,204,115.21,-55.13,42.613939075630256,30.238674831610933,90.064,0.0,0.0,12.84,,2025,6,14,0,Saturday,2025-06-14,P05_or_less
2025-06-14 00:00:00+00:00,42.613939075630256,476.0,204,115.21,-55.13,42.613939075630256,30.238674831610933,90.064,0.0,0.0,246.42,,2025,6,14,0,Saturday,2025-06-14,P05_or_less
2025-06-14 00:00:00+00:00,42.613939075630256,476.0,204,115.21,-55.13,42.613939075630256,30.238674831610933,90.064,0.0,0.0,456.41,,2025,6,14,0,Saturday,2025-06-14,P05_or_less
2025-06-14 00:00:00+00:00,42.613939075630256,476.0,204,115.21,-55.13,42.613939075630256,30.238674831610933,90.064,0.0,0.0,745.16,,2025,6,14,0,Saturday,2025-06-14,P05_or_less
2025-06-14 00:00:00+00:00,42.613939075630256,476.0,204,115.21,-55.13,42.613939075630256,30.238674831610933,90.064,0.0,0.0,992.59,,2025,6,14,0,Saturday,2025-06-14,P05_or_less
2025-06-14 00:00:00+00:00,42.613939075630256,476.0,204,115.21,-55.13,42.613939075630256,30.238674831610933,90.064,0.0,0.0,807.98,,2025,6,14,0,Saturday,2025-06-14,P05_or_less
2025-06-14 00:00:00+00:00,42.613939075630256,476.0,204,115.21,-55.13,42.613939075630256,30.238674831610933,90.064,0.0,0.0,748.96,,2025,6,14,0,Saturday,2025-06-14,P05_or_less
2025-06-14 00:00:00+00:00,42.613939075630256,476.0,204,115.21,-55.13,42.613939075630256,30.238674831610933,90.064,0.0,0.0,569.62,,2025,6,14,0,Saturday,2025-06-14,P05_or_less
2025-06-15 00:00:00+00:00,87.34146246764452,463.59999999999997,284,104.42,13.2,87.34146246764452,7.383342752432358,36.309999999999995,1.0495984262950406,1.0495984262950406,467.18,,2025,6,15,0,Sunday,2025-06-15,Normal
2025-06-15 00:00:00+00:00,87.34146246764452,463.59999999999997,284,104.42,13.2,87.34146246764452,7.383342752432358,36.309999999999995,0.0,0.0,442.4,,2025,6,15,0,Sunday,2025-06-15,Normal
2025-06-15 00:00:00+00:00,87.34146246764452,463.59999999999997,284,104.42,13.2,87.34146246764452,7.383342752432358,36.309999999999995,0.0,0.0,433.94,,2025,6,15,0,Sunday,2025-06-15,Normal
2025-06-15 00:00:00+00:00,87.34146246764452,463.59999999999997,284,104.42,13.2,87.34146246764452,7.383342752432358,36.309999999999995,0.0,0.0,444.47,,2025,6,15,0,Sunday,2025-06-15,Normal
2025-06-15 00:00:00+00:00,87.34146246764452,463.59999999999997,284,104.42,13.2,87.34146246764452,7.383342752432358,36.309999999999995,0.0,0.0,454.47,,2025,6,15,0,Sunday,2025-06-15,Normal
2025-06-15 00:00:00+00:00,87.34146246764452,463.59999999999997,284,104.42,13.2,87.34146246764452,7.383342752432358,36.309999999999995,0.0,0.0,457.53,,2025,6,15,0,Sunday,2025-06-15,Normal
2025-06-15 00:00:00+00:00,87.34146246764452,463.59999999999997,284,104.42,13.2,87.34146246764452,7.383342752432358,36.309999999999995,0.0,0.0,406.55,,2025,6,15,0,Sunday,2025-06-15,Normal
2025-06-15 00:00:00+00:00,87.34146246764452,463.59999999999997,284,104.42,13.2,87.34146246764452,7.383342752432358,36.309999999999995,0.0,0.0,302.86,,2025,6,15,0,Sunday,2025-06-15,Normal
2025-06-15 00:00:00+00:00,87.34146246764452,463.59999999999997,284,104.42,13.2,87.34146246764452,7.383342752432358,36.309999999999995,0.0,0.0,47.32,,2025,6,15,0,Sunday,2025-06-15,Normal
2025-06-15 00:00:00+00:00,87.34146246764452,463.59999999999997,284,104.42,13.2,87.34146246764452,7.383342752432358,36.309999999999995,0.0,0.0,0.05,,2025,6,15,0,Sunday,2025-06-15,Normal
2025-06-15 00:00:00+00:00,87.34146246764452,463.59999999999997,284,104.42,13.2,87.34146246764452,7.383342752432358,36.309999999999995,0.0,0.0,0.0,,2025,6,15,0,Sunday,2025-06-15,Normal
2025-06-15 00:00:00+00:00,87.34146246764452,463.59999999999997,284,104.42,13.2,87.34146246764452,7.383342752432358,36.309999999999995,0.0,0.0,-0.09,,2025,6,15,0,Sunday,2025-06-15,Normal
2025-06-15 00:00:00+00:00,87.34146246764452,463.59999999999997,284,104.42,13.2,87.34146246764452,7.383342752432358,36.309999999999995,0.0,0.0,-5.12,,2025,6,15,0,Sunday,2025-06-15,Normal
2025-06-15 00:00:00+00:00,87.34146246764452,463.59999999999997,284,104.42,13.2,87.34146246764452,7.383342752432358,36.309999999999995,0.0,0.0,-27.47,,2025,6,15,0,Sunday,2025-06-15,Normal
2025-06-15 00:00:00+00:00,87.34146246764452,463.59999999999997,284,104.42,13.2,87.34146246764452,7.383342752432358,36.309999999999995,0.0,0.0,-25.16,,2025,6,15,0,Sunday,2025-06-15,Normal
2025-06-15 00:00:00+00:00,87.34146246764452,463.59999999999997,284,104.42,13.2,87.34146246764452,7.383342752432358,36.309999999999995,0.0,0.0,-10.06,,2025,6,15,0,Sunday,2025-06-15,Normal
2025-06-15 00:00:00+00:00,87.34146246764452,463.59999999999997,284,104.42,13.2,87.34146246764452,7.383342752432358,36.309999999999995,0.0,0.0,0.03,,2025,6,15,0,Sunday,2025-06-15,Normal
2025-06-15 00:00:00+00:00,87.34146246764452,463.59999999999997,284,104.42,13.2,87.34146246764452,7.383342752432358,36.309999999999995,0.0,0.0,310.58,,2025,6,15,0,Sunday,2025-06-15,Normal
2025-06-15 00:00:00+00:00,87.34146246764452,463.59999999999997,284,104.42,13.2,87.34146246764452,7.383342752432358,36.309999999999995,0.0,0.0,534.2,,2025,6,15,0,Sunday,2025-06-15,Normal
2025-06-15 00:00:00+00:00,87.34146246764452,463.59999999999997,284,104.42,13.2,87.34146246764452,7.383342752432358,36.309999999999995,0.0,0.0,684.35,,2025,6,15,0,Sunday,2025-06-15,Normal
2025-06-15 00:00:00+00:00,87.34146246764452,463.59999999999997,284,104.42,13.2,87.34146246764452,7.383342752432358,36.309999999999995,0.0,0.0,806.71,,2025,6,15,0,Sunday,2025-06-15,Normal
2025-06-15 00:00:00+00:00,87.34146246764452,463.59999999999997,284,104.42,13.2,87.34146246764452,7.383342752432358,36.309999999999995,0.0,0.0,732.71,,2025,6,15,0,Sunday,2025-06-15,Normal
2025-06-15 00:00:00+00:00,87.34146246764452,463.59999999999997,284,104.42,13.2,87.34146246764452,7.383342752432358,36.309999999999995,0.0,0.0,679.32,,2025,6,15,0,Sunday,2025-06-15,Normal
2025-06-15 00:00:00+00:00,87.34146246764452,463.59999999999997,284,104.42,13.2,87.34146246764452,7.383342752432358,36.309999999999995,0.0,0.0,572.39,,2025,6,15,0,Sunday,2025-06-15,Normal
2025-06-16 00:00:00+00:00,79.2598007518797,798.0,491,100.1,55.54,79.2598007518797,6.0808653806696595,25.449999999999996,-0.09252949844707103,0.09252949844707103,524.39,,2025,6,16,0,Monday,2025-06-16,Normal
2025-06-16 00:00:00+00:00,79.2598007518797,798.0,491,100.1,55.54,79.2598007518797,6.0808653806696595,25.449999999999996,0.0,0.0,462.28,,2025,6,16,0,Monday,2025-06-16,Normal
2025-06-16 00:00:00+00:00,79.2598007518797,798.0,491,100.1,55.54,79.2598007518797,6.0808653806696595,25.449999999999996,0.0,0.0,437.99,,2025,6,16,0,Monday,2025-06-16,Normal
2025-06-16 00:00:00+00:00,79.2598007518797,798.0,491,100.1,55.54,79.2598007518797,6.0808653806696595,25.449999999999996,0.0,0.0,431.25,,2025,6,16,0,Monday,2025-06-16,Normal
2025-06-16 00:00:00+00:00,79.2598007518797,798.0,491,100.1,55.54,79.2598007518797,6.0808653806696595,25.449999999999996,0.0,0.0,417.98,,2025,6,16,0,Monday,2025-06-16,Normal
2025-06-16 00:00:00+00:00,79.2598007518797,798.0,491,100.1,55.54,79.2598007518797,6.0808653806696595,25.449999999999996,0.0,0.0,516.59,,2025,6,16,0,Monday,2025-06-16,Normal
2025-06-16 00:00:00+00:00,79.2598007518797,798.0,491,100.1,55.54,79.2598007518797,6.0808653806696595,25.449999999999996,0.0,0.0,553.89,,2025,6,16,0,Monday,2025-06-16,Normal
2025-06-16 00:00:00+00:00,79.2598007518797,798.0,491,100.1,55.54,79.2598007518797,6.0808653806696595,25.449999999999996,0.0,0.0,618.4,,2025,6,16,0,Monday,2025-06-16,Normal
2025-06-16 00:00:00+00:00,79.2598007518797,798.0,491,100.1,55.54,79.2598007518797,6.0808653806696595,25.449999999999996,0.0,0.0,436.45,,2025,6,16,0,Monday,2025-06-16,Normal
2025-06-16 00:00:00+00:00,79.2598007518797,798.0,491,100.1,55.54,79.2598007518797,6.0808653806696595,25.449999999999996,0.0,0.0,395.26,,2025,6,16,0,Monday,2025-06-16,Normal
2025-06-16 00:00:00+00:00,79.2598007518797,798.0,491,100.1,55.54,79.2598007518797,6.0808653806696595,25.449999999999996,0.0,0.0,160.84,,2025,6,16,0,Monday,2025-06-16,Normal
2025-06-16 00:00:00+00:00,79.2598007518797,798.0,491,100.1,55.54,79.2598007518797,6.0808653806696595,25.449999999999996,0.0,0.0,136.03,,2025,6,16,0,Monday,2025-06-16,Normal
2025-06-16 00:00:00+00:00,79.2598007518797,798.0,491,100.1,55.54,79.2598007518797,6.0808653806696595,25.449999999999996,0.0,0.0,201.28,,2025,6,16,0,Monday,2025-06-16,Normal
2025-06-16 00:00:00+00:00,79.2598007518797,798.0,491,100.1,55.54,79.2598007518797,6.0808653806696595,25.449999999999996,0.0,0.0,202.0,,2025,6,16,0,Monday,2025-06-16,Normal
2025-06-16 00:00:00+00:00,79.2598007518797,798.0,491,100.1,55.54,79.2598007518797,6.0808653806696595,25.449999999999996,0.0,0.0,202.0,,2025,6,16,0,Monday,2025-06-16,Normal
2025-06-16 00:00:00+00:00,79.2598007518797,798.0,491,100.1,55.54,79.2598007518797,6.0808653806696595,25.449999999999996,0.0,0.0,307.46,,2025,6,16,0,Monday,2025-06-16,Normal
2025-06-16 00:00:00+00:00,79.2598007518797,798.0,491,100.1,55.54,79.2598007518797,6.0808653806696595,25.449999999999996,0.0,0.0,420.53,,2025,6,16,0,Monday,2025-06-16,Normal
2025-06-16 00:00:00+00:00,79.2598007518797,798.0,491,100.1,55.54,79.2598007518797,6.0808653806696595,25.449999999999996,0.0,0.0,475.15,,2025,6,16,0,Monday,2025-06-16,Normal
2025-06-16 00:00:00+00:00,79.2598007518797,798.0,491,100.1,55.54,79.2598007518797,6.0808653806696595,25.449999999999996,0.0,0.0,583.97,,2025,6,16,0,Monday,2025-06-16,Normal
2025-06-16 00:00:00+00:00,79.2598007518797,798.0,491,100.1,55.54,79.2598007518797,6.0808653806696595,25.449999999999996,0.0,0.0,653.96,,2025,6,16,0,Monday,2025-06-16,Normal
2025-06-16 00:00:00+00:00,79.2598007518797,798.0,491,100.1,55.54,79.2598007518797,6.0808653806696595,25.449999999999996,0.0,0.0,951.39,,2025,6,16,0,Monday,2025-06-16,Normal
2025-06-16 00:00:00+00:00,79.2598007518797,798.0,491,100.1,55.54,79.2598007518797,6.0808653806696595,25.449999999999996,0.0,0.0,977.67,,2025,6,16,0,Monday,2025-06-16,Normal
2025-06-16 00:00:00+00:00,79.2598007518797,798.0,491,100.1,55.54,79.2598007518797,6.0808653806696595,25.449999999999996,0.0,0.0,694.31,,2025,6,16,0,Monday,2025-06-16,Normal
2025-06-16 00:00:00+00:00,79.2598007518797,798.0,491,100.1,55.54,79.2598007518797,6.0808653806696595,25.449999999999996,0.0,0.0,605.32,,2025,6,16,0,Monday,2025-06-16,Normal
2025-06-17 00:00:00+00:00,92.5072153294734,362.7,189,127.3,61.3,92.5072153294734,7.413266694750973,29.614000000000004,0.16713913550028114,0.16713913550028114,527.21,,2025,6,17,0,Tuesday,2025-06-17,Normal
2025-06-17 00:00:00+00:00,92.5072153294734,362.7,189,127.3,61.3,92.5072153294734,7.413266694750973,29.614000000000004,0.0,0.0,512.38,,2025,6,17,0,Tuesday,2025-06-17,Normal
2025-06-17 00:00:00+00:00,92.5072153294734,362.7,189,127.3,61.3,92.5072153294734,7.413266694750973,29.614000000000004,0.0,0.0,474.54,,2025,6,17,0,Tuesday,2025-06-17,Normal
2025-06-17 00:00:00+00:00,92.5072153294734,362.7,189,127.3,61.3,92.5072153294734,7.413266694750973,29.614000000000004,0.0,0.0,472.07,,2025,6,17,0,Tuesday,2025-06-17,Normal
2025-06-17 00:00:00+00:00,92.5072153294734,362.7,189,127.3,61.3,92.5072153294734,7.413266694750973,29.614000000000004,0.0,0.0,476.57,,2025,6,17,0,Tuesday,2025-06-17,Normal
2025-06-17 00:00:00+00:00,92.5072153294734,362.7,189,127.3,61.3,92.5072153294734,7.413266694750973,29.614000000000004,0.0,0.0,515.83,,2025,6,17,0,Tuesday,2025-06-17,Normal
2025-06-17 00:00:00+00:00,92.5072153294734,362.7,189,127.3,61.3,92.5072153294734,7.413266694750973,29.614000000000004,0.0,0.0,590.3,,2025,6,17,0,Tuesday,2025-06-17,Normal
2025-06-17 00:00:00+00:00,92.5072153294734,362.7,189,127.3,61.3,92.5072153294734,7.413266694750973,29.614000000000004,0.0,0.0,532.39,,2025,6,17,0,Tuesday,2025-06-17,Normal
2025-06-17 00:00:00+00:00,92.5072153294734,362.7,189,127.3,61.3,92.5072153294734,7.413266694750973,29.614000000000004,0.0,0.0,450.0,,2025,6,17,0,Tuesday,2025-06-17,Normal
2025-06-17 00:00:00+00:00,92.5072153294734,362.7,189,127.3,61.3,92.5072153294734,7.413266694750973,29.614000000000004,0.0,0.0,291.86,,2025,6,17,0,Tuesday,2025-06-17,Normal
2025-06-17 00:00:00+00:00,92.5072153294734,362.7,189,127.3,61.3,92.5072153294734,7.413266694750973,29.614000000000004,0.0,0.0,31.3,,2025,6,17,0,Tuesday,2025-06-17,Normal
2025-06-17 00:00:00+00:00,92.5072153294734,362.7,189,127.3,61.3,92.5072153294734,7.413266694750973,29.614000000000004,0.0,0.0,46.59,,2025,6,17,0,Tuesday,2025-06-17,Normal
2025-06-17 00:00:00+00:00,92.5072153294734,362.7,189,127.3,61.3,92.5072153294734,7.413266694750973,29.614000000000004,0.0,0.0,64.3,,2025,6,17,0,Tuesday,2025-06-17,Normal
2025-06-17 00:00:00+00:00,92.5072153294734,362.7,189,127.3,61.3,92.5072153294734,7.413266694750973,29.614000000000004,0.0,0.0,64.46,,2025,6,17,0,Tuesday,2025-06-17,Normal
2025-06-17 00:00:00+00:00,92.5072153294734,362.7,189,127.3,61.3,92.5072153294734,7.413266694750973,29.614000000000004,0.0,0.0,115.35,,2025,6,17,0,Tuesday,2025-06-17,Normal
2025-06-17 00:00:00+00:00,92.5072153294734,362.7,189,127.3,61.3,92.5072153294734,7.413266694750973,29.614000000000004,0.0,0.0,171.17,,2025,6,17,0,Tuesday,2025-06-17,Normal
2025-06-17 00:00:00+00:00,92.5072153294734,362.7,189,127.3,61.3,92.5072153294734,7.413266694750973,29.614000000000004,0.0,0.0,373.25,,2025,6,17,0,Tuesday,2025-06-17,Normal
2025-06-17 00:00:00+00:00,92.5072153294734,362.7,189,127.3,61.3,92.5072153294734,7.413266694750973,29.614000000000004,0.0,0.0,500.22,,2025,6,17,0,Tuesday,2025-06-17,Normal
2025-06-17 00:00:00+00:00,92.5072153294734,362.7,189,127.3,61.3,92.5072153294734,7.413266694750973,29.614000000000004,0.0,0.0,613.9,,2025,6,17,0,Tuesday,2025-06-17,Normal
2025-06-17 00:00:00+00:00,92.5072153294734,362.7,189,127.3,61.3,92.5072153294734,7.413266694750973,29.614000000000004,0.0,0.0,769.95,,2025,6,17,0,Tuesday,2025-06-17,Normal
2025-06-17 00:00:00+00:00,92.5072153294734,362.7,189,127.3,61.3,92.5072153294734,7.413266694750973,29.614000000000004,0.0,0.0,1229.46,,2025,6,17,0,Tuesday,2025-06-17,Normal
2025-06-17 00:00:00+00:00,92.5072153294734,362.7,189,127.3,61.3,92.5072153294734,7.413266694750973,29.614000000000004,0.0,0.0,1211.61,,2025,6,17,0,Tuesday,2025-06-17,Normal
2025-06-17 00:00:00+00:00,92.5072153294734,362.7,189,127.3,61.3,92.5072153294734,7.413266694750973,29.614000000000004,0.0,0.0,729.64,,2025,6,17,0,Tuesday,2025-06-17,Normal
2025-06-17 00:00:00+00:00,92.5072153294734,362.7,189,127.3,61.3,92.5072153294734,7.413266694750973,29.614000000000004,0.0,0.0,601.22,,2025,6,17,0,Tuesday,2025-06-17,Normal
2025-06-18 00:00:00+00:00,103.80684384597211,423.3,227,121.5,0.0,103.80684384597211,8.56409364035233,38.686,0.12214861809702082,0.12214861809702082,567.42,,2025,6,18,0,Wednesday,2025-06-18,Normal
2025-06-18 00:00:00+00:00,103.80684384597211,423.3,227,121.5,0.0,103.80684384597211,8.56409364035233,38.686,0.0,0.0,534.82,,2025,6,18,0,Wednesday,2025-06-18,Normal
2025-06-18 00:00:00+00:00,103.80684384597211,423.3,227,121.5,0.0,103.80684384597211,8.56409364035233,38.686,0.0,0.0,509.58,,2025,6,18,0,Wednesday,2025-06-18,Normal
2025-06-18 00:00:00+00:00,103.80684384597211,423.3,227,121.5,0.0,103.80684384597211,8.56409364035233,38.686,0.0,0.0,478.53,,2025,6,18,0,Wednesday,2025-06-18,Normal
2025-06-18 00:00:00+00:00,103.80684384597211,423.3,227,121.5,0.0,103.80684384597211,8.56409364035233,38.686,0.0,0.0,484.89,,2025,6,18,0,Wednesday,2025-06-18,Normal
2025-06-18 00:00:00+00:00,103.80684384597211,423.3,227,121.5,0.0,103.80684384597211,8.56409364035233,38.686,0.0,0.0,514.69,,2025,6,18,0,Wednesday,2025-06-18,Normal
2025-06-18 00:00:00+00:00,103.80684384597211,423.3,227,121.5,0.0,103.80684384597211,8.56409364035233,38.686,0.0,0.0,559.74,,2025,6,18,0,Wednesday,2025-06-18,Normal
2025-06-18 00:00:00+00:00,103.80684384597211,423.3,227,121.5,0.0,103.80684384597211,8.56409364035233,38.686,0.0,0.0,575.03,,2025,6,18,0,Wednesday,2025-06-18,Normal
2025-06-18 00:00:00+00:00,103.80684384597211,423.3,227,121.5,0.0,103.80684384597211,8.56409364035233,38.686,0.0,0.0,538.29,,2025,6,18,0,Wednesday,2025-06-18,Normal
2025-06-18 00:00:00+00:00,103.80684384597211,423.3,227,121.5,0.0,103.80684384597211,8.56409364035233,38.686,0.0,0.0,350.41,,2025,6,18,0,Wednesday,2025-06-18,Normal
2025-06-18 00:00:00+00:00,103.80684384597211,423.3,227,121.5,0.0,103.80684384597211,8.56409364035233,38.686,0.0,0.0,110.5,,2025,6,18,0,Wednesday,2025-06-18,Normal
2025-06-18 00:00:00+00:00,103.80684384597211,423.3,227,121.5,0.0,103.80684384597211,8.56409364035233,38.686,0.0,0.0,5.89,,2025,6,18,0,Wednesday,2025-06-18,Normal
2025-06-18 00:00:00+00:00,103.80684384597211,423.3,227,121.5,0.0,103.80684384597211,8.56409364035233,38.686,0.0,0.0,15.77,,2025,6,18,0,Wednesday,2025-06-18,Normal
2025-06-18 00:00:00+00:00,103.80684384597211,423.3,227,121.5,0.0,103.80684384597211,8.56409364035233,38.686,0.0,0.0,25.74,,2025,6,18,0,Wednesday,2025-06-18,Normal
2025-06-18 00:00:00+00:00,103.80684384597211,423.3,227,121.5,0.0,103.80684384597211,8.56409364035233,38.686,0.0,0.0,51.31,,2025,6,18,0,Wednesday,2025-06-18,Normal
2025-06-18 00:00:00+00:00,103.80684384597211,423.3,227,121.5,0.0,103.80684384597211,8.56409364035233,38.686,0.0,0.0,307.84,,2025,6,18,0,Wednesday,2025-06-18,Normal
2025-06-18 00:00:00+00:00,103.80684384597211,423.3,227,121.5,0.0,103.80684384597211,8.56409364035233,38.686,0.0,0.0,460.07,,2025,6,18,0,Wednesday,2025-06-18,Normal
2025-06-18 00:00:00+00:00,103.80684384597211,423.3,227,121.5,0.0,103.80684384597211,8.56409364035233,38.686,0.0,0.0,534.83,,2025,6,18,0,Wednesday,2025-06-18,Normal
2025-06-18 00:00:00+00:00,103.80684384597211,423.3,227,121.5,0.0,103.80684384597211,8.56409364035233,38.686,0.0,0.0,678.92,,2025,6,18,0,Wednesday,2025-06-18,Normal
2025-06-18 00:00:00+00:00,103.80684384597211,423.3,227,121.5,0.0,103.80684384597211,8.56409364035233,38.686,0.0,0.0,874.31,,2025,6,18,0,Wednesday,2025-06-18,Normal
2025-06-18 00:00:00+00:00,103.80684384597211,423.3,227,121.5,0.0,103.80684384597211,8.56409364035233,38.686,0.0,0.0,1258.12,,2025,6,18,0,Wednesday,2025-06-18,Normal
2025-06-18 00:00:00+00:00,103.80684384597211,423.3,227,121.5,0.0,103.80684384597211,8.56409364035233,38.686,0.0,0.0,891.37,,2025,6,18,0,Wednesday,2025-06-18,Normal
2025-06-18 00:00:00+00:00,103.80684384597211,423.3,227,121.5,0.0,103.80684384597211,8.56409364035233,38.686,0.0,0.0,681.26,,2025,6,18,0,Wednesday,2025-06-18,Normal
2025-06-18 00:00:00+00:00,103.80684384597211,423.3,227,121.5,0.0,103.80684384597211,8.56409364035233,38.686,0.0,0.0,584.99,,2025,6,18,0,Wednesday,2025-06-18,Normal
2025-06-19 00:00:00+00:00,106.59524569640061,319.5,221,128.14,82.7,106.59524569640061,4.9610065693825565,19.37399999999999,0.02686144522962186,0.02686144522962186,571.29,,2025,6,19,0,Thursday,2025-06-19,Normal
2025-06-19 00:00:00+00:00,106.59524569640061,319.5,221,128.14,82.7,106.59524569640061,4.9610065693825565,19.37399999999999,0.0,0.0,542.01,,2025,6,19,0,Thursday,2025-06-19,Normal
2025-06-19 00:00:00+00:00,106.59524569640061,319.5,221,128.14,82.7,106.59524569640061,4.9610065693825565,19.37399999999999,0.0,0.0,520.21,,2025,6,19,0,Thursday,2025-06-19,Normal
2025-06-19 00:00:00+00:00,106.59524569640061,319.5,221,128.14,82.7,106.59524569640061,4.9610065693825565,19.37399999999999,0.0,0.0,503.32,,2025,6,19,0,Thursday,2025-06-19,Normal
2025-06-19 00:00:00+00:00,106.59524569640061,319.5,221,128.14,82.7,106.59524569640061,4.9610065693825565,19.37399999999999,0.0,0.0,493.91,,2025,6,19,0,Thursday,2025-06-19,Normal
2025-06-19 00:00:00+00:00,106.59524569640061,319.5,221,128.14,82.7,106.59524569640061,4.9610065693825565,19.37399999999999,0.0,0.0,502.37,,2025,6,19,0,Thursday,2025-06-19,Normal
2025-06-19 00:00:00+00:00,106.59524569640061,319.5,221,128.14,82.7,106.59524569640061,4.9610065693825565,19.37399999999999,0.0,0.0,495.48,,2025,6,19,0,Thursday,2025-06-19,Normal
2025-06-19 00:00:00+00:00,106.59524569640061,319.5,221,128.14,82.7,106.59524569640061,4.9610065693825565,19.37399999999999,0.0,0.0,433.99,,2025,6,19,0,Thursday,2025-06-19,Normal
2025-06-19 00:00:00+00:00,106.59524569640061,319.5,221,128.14,82.7,106.59524569640061,4.9610065693825565,19.37399999999999,0.0,0.0,367.35,,2025,6,19,0,Thursday,2025-06-19,Normal
2025-06-19 00:00:00+00:00,106.59524569640061,319.5,221,128.14,82.7,106.59524569640061,4.9610065693825565,19.37399999999999,0.0,0.0,42.38,,2025,6,19,0,Thursday,2025-06-19,Normal
2025-06-19 00:00:00+00:00,106.59524569640061,319.5,221,128.14,82.7,106.59524569640061,4.9610065693825565,19.37399999999999,0.0,0.0,4.9,,2025,6,19,0,Thursday,2025-06-19,Normal
2025-06-19 00:00:00+00:00,106.59524569640061,319.5,221,128.14,82.7,106.59524569640061,4.9610065693825565,19.37399999999999,0.0,0.0,60.64,,2025,6,19,0,Thursday,2025-06-19,Normal
2025-06-19 00:00:00+00:00,106.59524569640061,319.5,221,128.14,82.7,106.59524569640061,4.9610065693825565,19.37399999999999,0.0,0.0,74.78,,2025,6,19,0,Thursday,2025-06-19,Normal
2025-06-19 00:00:00+00:00,106.59524569640061,319.5,221,128.14,82.7,106.59524569640061,4.9610065693825565,19.37399999999999,0.0,0.0,109.27,,2025,6,19,0,Thursday,2025-06-19,Normal
2025-06-19 00:00:00+00:00,106.59524569640061,319.5,221,128.14,82.7,106.59524569640061,4.9610065693825565,19.37399999999999,0.0,0.0,202.0,,2025,6,19,0,Thursday,2025-06-19,Normal
2025-06-19 00:00:00+00:00,106.59524569640061,319.5,221,128.14,82.7,106.59524569640061,4.9610065693825565,19.37399999999999,0.0,0.0,401.68,,2025,6,19,0,Thursday,2025-06-19,Normal
2025-06-19 00:00:00+00:00,106.59524569640061,319.5,221,128.14,82.7,106.59524569640061,4.9610065693825565,19.37399999999999,0.0,0.0,435.32,,2025,6,19,0,Thursday,2025-06-19,Normal
2025-06-19 00:00:00+00:00,106.59524569640061,319.5,221,128.14,82.7,106.59524569640061,4.9610065693825565,19.37399999999999,0.0,0.0,614.92,,2025,6,19,0,Thursday,2025-06-19,Normal
2025-06-19 00:00:00+00:00,106.59524569640061,319.5,221,128.14,82.7,106.59524569640061,4.9610065693825565,19.37399999999999,0.0,0.0,823.69,,2025,6,19,0,Thursday,2025-06-19,Normal
2025-06-19 00:00:00+00:00,106.59524569640061,319.5,221,128.14,82.7,106.59524569640061,4.9610065693825565,19.37399999999999,0.0,0.0,828.79,,2025,6,19,0,Thursday,2025-06-19,Normal
2025-06-19 00:00:00+00:00,106.59524569640061,319.5,221,128.14,82.7,106.59524569640061,4.9610065693825565,19.37399999999999,0.0,0.0,928.88,,2025,6,19,0,Thursday,2025-06-19,Normal
2025-06-19 00:00:00+00:00,106.59524569640061,319.5,221,128.14,82.7,106.59524569640061,4.9610065693825565,19.37399999999999,0.0,0.0,806.72,,2025,6,19,0,Thursday,2025-06-19,Normal
2025-06-19 00:00:00+00:00,106.59524569640061,319.5,221,128.14,82.7,106.59524569640061,4.9610065693825565,19.37399999999999,0.0,0.0,753.95,,2025,6,19,0,Thursday,2025-06-19,Normal
2025-06-19 00:00:00+00:00,106.59524569640061,319.5,221,128.14,82.7,106.59524569640061,4.9610065693825565,19.37399999999999,0.0,0.0,656.61,,2025,6,19,0,Thursday,2025-06-19,Normal
2025-06-20 00:00:00+00:00,121.9684148686178,468.1,329,195.8,90.85,121.9684148686178,12.044496229316374,52.738000000000014,0.1442200266229725,0.1442200266229725,585.33,,2025,6,20,0,Friday,2025-06-20,P95_or_more
2025-06-20 00:00:00+00:00,121.9684148686178,468.1,329,195.8,90.85,121.9684148686178,12.044496229316374,52.738000000000014,0.0,0.0,550.0,,2025,6,20,0,Friday,2025-06-20,P95_or_more
2025-06-20 00:00:00+00:00,121.9684148686178,468.1,329,195.8,90.85,121.9684148686178,12.044496229316374,52.738000000000014,0.0,0.0,537.87,,2025,6,20,0,Friday,2025-06-20,P95_or_more
2025-06-20 00:00:00+00:00,121.9684148686178,468.1,329,195.8,90.85,121.9684148686178,12.044496229316374,52.738000000000014,0.0,0.0,535.06,,2025,6,20,0,Friday,2025-06-20,P95_or_more
2025-06-20 00:00:00+00:00,121.9684148686178,468.1,329,195.8,90.85,121.9684148686178,12.044496229316374,52.738000000000014,0.0,0.0,524.7,,2025,6,20,0,Friday,2025-06-20,P95_or_more
2025-06-20 00:00:00+00:00,121.9684148686178,468.1,329,195.8,90.85,121.9684148686178,12.044496229316374,52.738000000000014,0.0,0.0,550.0,,2025,6,20,0,Friday,2025-06-20,P95_or_more
2025-06-20 00:00:00+00:00,121.9684148686178,468.1,329,195.8,90.85,121.9684148686178,12.044496229316374,52.738000000000014,0.0,0.0,603.84,,2025,6,20,0,Friday,2025-06-20,P95_or_more
2025-06-20 00:00:00+00:00,121.9684148686178,468.1,329,195.8,90.85,121.9684148686178,12.044496229316374,52.738000000000014,0.0,0.0,567.8,,2025,6,20,0,Friday,2025-06-20,P95_or_more
2025-06-20 00:00:00+00:00,121.9684148686178,468.1,329,195.8,90.85,121.9684148686178,12.044496229316374,52.738000000000014,0.0,0.0,509.19,,2025,6,20,0,Friday,2025-06-20,P95_or_more
2025-06-20 00:00:00+00:00,121.9684148686178,468.1,329,195.8,90.85,121.9684148686178,12.044496229316374,52.738000000000014,0.0,0.0,276.79,,2025,6,20,0,Friday,2025-06-20,P95_or_more
2025-06-20 00:00:00+00:00,121.9684148686178,468.1,329,195.8,90.85,121.9684148686178,12.044496229316374,52.738000000000014,0.0,0.0,68.59,,2025,6,20,0,Friday,2025-06-20,P95_or_more
2025-06-20 00:00:00+00:00,121.9684148686178,468.1,329,195.8,90.85,121.9684148686178,12.044496229316374,52.738000000000014,0.0,0.0,15.49,,2025,6,20,0,Friday,2025-06-20,P95_or_more
2025-06-20 00:00:00+00:00,121.9684148686178,468.1,329,195.8,90.85,121.9684148686178,12.044496229316374,52.738000000000014,0.0,0.0,0.03,,2025,6,20,0,Friday,2025-06-20,P95_or_more
2025-06-20 00:00:00+00:00,121.9684148686178,468.1,329,195.8,90.85,121.9684148686178,12.044496229316374,52.738000000000014,0.0,0.0,3.45,,2025,6,20,0,Friday,2025-06-20,P95_or_more
2025-06-20 00:00:00+00:00,121.9684148686178,468.1,329,195.8,90.85,121.9684148686178,12.044496229316374,52.738000000000014,0.0,0.0,1.0,,2025,6,20,0,Friday,2025-06-20,P95_or_more
2025-06-20 00:00:00+00:00,121.9684148686178,468.1,329,195.8,90.85,121.9684148686178,12.044496229316374,52.738000000000014,0.0,0.0,56.41,,2025,6,20,0,Friday,2025-06-20,P95_or_more
2025-06-20 00:00:00+00:00,121.9684148686178,468.1,329,195.8,90.85,121.9684148686178,12.044496229316374,52.738000000000014,0.0,0.0,312.13,,2025,6,20,0,Friday,2025-06-20,P95_or_more
2025-06-20 00:00:00+00:00,121.9684148686178,468.1,329,195.8,90.85,121.9684148686178,12.044496229316374,52.738000000000014,0.0,0.0,517.01,,2025,6,20,0,Friday,2025-06-20,P95_or_more
2025-06-20 00:00:00+00:00,121.9684148686178,468.1,329,195.8,90.85,121.9684148686178,12.044496229316374,52.738000000000014,0.0,0.0,628.72,,2025,6,20,0,Friday,2025-06-20,P95_or_more
2025-06-20 00:00:00+00:00,121.9684148686178,468.1,329,195.8,90.85,121.9684148686178,12.044496229316374,52.738000000000014,0.0,0.0,686.48,,2025,6,20,0,Friday,2025-06-20,P95_or_more
2025-06-20 00:00:00+00:00,121.9684148686178,468.1,329,195.8,90.85,121.9684148686178,12.044496229316374,52.738000000000014,0.0,0.0,1019.85,,2025,6,20,0,Friday,2025-06-20,P95_or_more
2025-06-20 00:00:00+00:00,121.9684148686178,468.1,329,195.8,90.85,121.9684148686178,12.044496229316374,52.738000000000014,0.0,0.0,905.04,,2025,6,20,0,Friday,2025-06-20,P95_or_more
2025-06-20 00:00:00+00:00,121.9684148686178,468.1,329,195.8,90.85,121.9684148686178,12.044496229316374,52.738000000000014,0.0,0.0,689.69,,2025,6,20,0,Friday,2025-06-20,P95_or_more
2025-06-20 00:00:00+00:00,121.9684148686178,468.1,329,195.8,90.85,121.9684148686178,12.044496229316374,52.738000000000014,0.0,0.0,610.83,,2025,6,20,0,Friday,2025-06-20,P95_or_more
2025-06-21 00:00:00+00:00,104.91816259511413,1248.5,592,150.0,0.0,104.91816259511413,10.211602941868696,48.38199999999999,-0.1397923576515272,0.1397923576515272,600.62,,2025,6,21,0,Saturday,2025-06-21,Normal
2025-06-21 00:00:00+00:00,104.91816259511413,1248.5,592,150.0,0.0,104.91816259511413,10.211602941868696,48.38199999999999,0.0,0.0,555.89,,2025,6,21,0,Saturday,2025-06-21,Normal
2025-06-21 00:00:00+00:00,104.91816259511413,1248.5,592,150.0,0.0,104.91816259511413,10.211602941868696,48.38199999999999,0.0,0.0,544.17,,2025,6,21,0,Saturday,2025-06-21,Normal
2025-06-21 00:00:00+00:00,104.91816259511413,1248.5,592,150.0,0.0,104.91816259511413,10.211602941868696,48.38199999999999,0.0,0.0,538.43,,2025,6,21,0,Saturday,2025-06-21,Normal
2025-06-21 00:00:00+00:00,104.91816259511413,1248.5,592,150.0,0.0,104.91816259511413,10.211602941868696,48.38199999999999,0.0,0.0,546.54,,2025,6,21,0,Saturday,2025-06-21,Normal
2025-06-21 00:00:00+00:00,104.91816259511413,1248.5,592,150.0,0.0,104.91816259511413,10.211602941868696,48.38199999999999,0.0,0.0,524.23,,2025,6,21,0,Saturday,2025-06-21,Normal
2025-06-21 00:00:00+00:00,104.91816259511413,1248.5,592,150.0,0.0,104.91816259511413,10.211602941868696,48.38199999999999,0.0,0.0,506.65,,2025,6,21,0,Saturday,2025-06-21,Normal
2025-06-21 00:00:00+00:00,104.91816259511413,1248.5,592,150.0,0.0,104.91816259511413,10.211602941868696,48.38199999999999,0.0,0.0,456.57,,2025,6,21,0,Saturday,2025-06-21,Normal
2025-06-21 00:00:00+00:00,104.91816259511413,1248.5,592,150.0,0.0,104.91816259511413,10.211602941868696,48.38199999999999,0.0,0.0,382.08,,2025,6,21,0,Saturday,2025-06-21,Normal
2025-06-21 00:00:00+00:00,104.91816259511413,1248.5,592,150.0,0.0,104.91816259511413,10.211602941868696,48.38199999999999,0.0,0.0,117.76,,2025,6,21,0,Saturday,2025-06-21,Normal
2025-06-21 00:00:00+00:00,104.91816259511413,1248.5,592,150.0,0.0,104.91816259511413,10.211602941868696,48.38199999999999,0.0,0.0,0.01,,2025,6,21,0,Saturday,2025-06-21,Normal
2025-06-21 00:00:00+00:00,104.91816259511413,1248.5,592,150.0,0.0,104.91816259511413,10.211602941868696,48.38199999999999,0.0,0.0,0.0,,2025,6,21,0,Saturday,2025-06-21,Normal
2025-06-21 00:00:00+00:00,104.91816259511413,1248.5,592,150.0,0.0,104.91816259511413,10.211602941868696,48.38199999999999,0.0,0.0,0.0,,2025,6,21,0,Saturday,2025-06-21,Normal
2025-06-21 00:00:00+00:00,104.91816259511413,1248.5,592,150.0,0.0,104.91816259511413,10.211602941868696,48.38199999999999,0.0,0.0,-0.01,,2025,6,21,0,Saturday,2025-06-21,Normal
2025-06-21 00:00:00+00:00,104.91816259511413,1248.5,592,150.0,0.0,104.91816259511413,10.211602941868696,48.38199999999999,0.0,0.0,0.0,,2025,6,21,0,Saturday,2025-06-21,Normal
2025-06-21 00:00:00+00:00,104.91816259511413,1248.5,592,150.0,0.0,104.91816259511413,10.211602941868696,48.38199999999999,0.0,0.0,0.03,,2025,6,21,0,Saturday,2025-06-21,Normal
2025-06-21 00:00:00+00:00,104.91816259511413,1248.5,592,150.0,0.0,104.91816259511413,10.211602941868696,48.38199999999999,0.0,0.0,2.09,,2025,6,21,0,Saturday,2025-06-21,Normal
2025-06-21 00:00:00+00:00,104.91816259511413,1248.5,592,150.0,0.0,104.91816259511413,10.211602941868696,48.38199999999999,0.0,0.0,368.6,,2025,6,21,0,Saturday,2025-06-21,Normal
2025-06-21 00:00:00+00:00,104.91816259511413,1248.5,592,150.0,0.0,104.91816259511413,10.211602941868696,48.38199999999999,0.0,0.0,582.11,,2025,6,21,0,Saturday,2025-06-21,Normal
2025-06-21 00:00:00+00:00,104.91816259511413,1248.5,592,150.0,0.0,104.91816259511413,10.211602941868696,48.38199999999999,0.0,0.0,746.86,,2025,6,21,0,Saturday,2025-06-21,Normal
2025-06-21 00:00:00+00:00,104.91816259511413,1248.5,592,150.0,0.0,104.91816259511413,10.211602941868696,48.38199999999999,0.0,0.0,938.06,,2025,6,21,0,Saturday,2025-06-21,Normal
2025-06-21 00:00:00+00:00,104.91816259511413,1248.5,592,150.0,0.0,104.91816259511413,10.211602941868696,48.38199999999999,0.0,0.0,839.79,,2025,6,21,0,Saturday,2025-06-21,Normal
2025-06-21 00:00:00+00:00,104.91816259511413,1248.5,592,150.0,0.0,104.91816259511413,10.211602941868696,48.38199999999999,0.0,0.0,710.73,,2025,6,21,0,Saturday,2025-06-21,Normal
2025-06-21 00:00:00+00:00,104.91816259511413,1248.5,592,150.0,0.0,104.91816259511413,10.211602941868696,48.38199999999999,0.0,0.0,633.5,,2025,6,21,0,Saturday,2025-06-21,Normal
2025-06-22 00:00:00+00:00,94.40362983103515,514.9,228,107.46,81.51,94.40362983103515,5.6417350592304905,15.248,-0.10021651641627805,0.10021651641627805,550.0,,2025,6,22,0,Sunday,2025-06-22,Normal
2025-06-22 00:00:00+00:00,94.40362983103515,514.9,228,107.46,81.51,94.40362983103515,5.6417350592304905,15.248,0.0,0.0,509.7,,2025,6,22,0,Sunday,2025-06-22,Normal
2025-06-22 00:00:00+00:00,94.40362983103515,514.9,228,107.46,81.51,94.40362983103515,5.6417350592304905,15.248,0.0,0.0,486.22,,2025,6,22,0,Sunday,2025-06-22,Normal
2025-06-22 00:00:00+00:00,94.40362983103515,514.9,228,107.46,81.51,94.40362983103515,5.6417350592304905,15.248,0.0,0.0,469.64,,2025,6,22,0,Sunday,2025-06-22,Normal
2025-06-22 00:00:00+00:00,94.40362983103515,514.9,228,107.46,81.51,94.40362983103515,5.6417350592304905,15.248,0.0,0.0,458.49,,2025,6,22,0,Sunday,2025-06-22,Normal
2025-06-22 00:00:00+00:00,94.40362983103515,514.9,228,107.46,81.51,94.40362983103515,5.6417350592304905,15.248,0.0,0.0,444.53,,2025,6,22,0,Sunday,2025-06-22,Normal
2025-06-22 00:00:00+00:00,94.40362983103515,514.9,228,107.46,81.51,94.40362983103515,5.6417350592304905,15.248,0.0,0.0,372.09,,2025,6,22,0,Sunday,2025-06-22,Normal
2025-06-22 00:00:00+00:00,94.40362983103515,514.9,228,107.46,81.51,94.40362983103515,5.6417350592304905,15.248,0.0,0.0,133.45,,2025,6,22,0,Sunday,2025-06-22,Normal
2025-06-22 00:00:00+00:00,94.40362983103515,514.9,228,107.46,81.51,94.40362983103515,5.6417350592304905,15.248,0.0,0.0,0.02,,2025,6,22,0,Sunday,2025-06-22,Normal
2025-06-22 00:00:00+00:00,94.40362983103515,514.9,228,107.46,81.51,94.40362983103515,5.6417350592304905,15.248,0.0,0.0,-0.44,,2025,6,22,0,Sunday,2025-06-22,Normal
2025-06-22 00:00:00+00:00,94.40362983103515,514.9,228,107.46,81.51,94.40362983103515,5.6417350592304905,15.248,0.0,0.0,-56.1,,2025,6,22,0,Sunday,2025-06-22,Normal
2025-06-22 00:00:00+00:00,94.40362983103515,514.9,228,107.46,81.51,94.40362983103515,5.6417350592304905,15.248,0.0,0.0,-75.75,,2025,6,22,0,Sunday,2025-06-22,Normal
2025-06-22 00:00:00+00:00,94.40362983103515,514.9,228,107.46,81.51,94.40362983103515,5.6417350592304905,15.248,0.0,0.0,-75.75,,2025,6,22,0,Sunday,2025-06-22,Normal
2025-06-22 00:00:00+00:00,94.40362983103515,514.9,228,107.46,81.51,94.40362983103515,5.6417350592304905,15.248,0.0,0.0,-200.0,,2025,6,22,0,Sunday,2025-06-22,Normal
2025-06-22 00:00:00+00:00,94.40362983103515,514.9,228,107.46,81.51,94.40362983103515,5.6417350592304905,15.248,0.0,0.0,-200.0,,2025,6,22,0,Sunday,2025-06-22,Normal
2025-06-22 00:00:00+00:00,94.40362983103515,514.9,228,107.46,81.51,94.40362983103515,5.6417350592304905,15.248,0.0,0.0,-80.0,,2025,6,22,0,Sunday,2025-06-22,Normal
2025-06-22 00:00:00+00:00,94.40362983103515,514.9,228,107.46,81.51,94.40362983103515,5.6417350592304905,15.248,0.0,0.0,0.02,,2025,6,22,0,Sunday,2025-06-22,Normal
2025-06-22 00:00:00+00:00,94.40362983103515,514.9,228,107.46,81.51,94.40362983103515,5.6417350592304905,15.248,0.0,0.0,107.46,,2025,6,22,0,Sunday,2025-06-22,Normal
2025-06-22 00:00:00+00:00,94.40362983103515,514.9,228,107.46,81.51,94.40362983103515,5.6417350592304905,15.248,0.0,0.0,480.31,,2025,6,22,0,Sunday,2025-06-22,Normal
2025-06-22 00:00:00+00:00,94.40362983103515,514.9,228,107.46,81.51,94.40362983103515,5.6417350592304905,15.248,0.0,0.0,645.03,,2025,6,22,0,Sunday,2025-06-22,Normal
2025-06-22 00:00:00+00:00,94.40362983103515,514.9,228,107.46,81.51,94.40362983103515,5.6417350592304905,15.248,0.0,0.0,724.77,,2025,6,22,0,Sunday,2025-06-22,Normal
2025-06-22 00:00:00+00:00,94.40362983103515,514.9,228,107.46,81.51,94.40362983103515,5.6417350592304905,15.248,0.0,0.0,696.33,,2025,6,22,0,Sunday,2025-06-22,Normal
2025-06-22 00:00:00+00:00,94.40362983103515,514.9,228,107.46,81.51,94.40362983103515,5.6417350592304905,15.248,0.0,0.0,639.43,,2025,6,22,0,Sunday,2025-06-22,Normal
2025-06-22 00:00:00+00:00,94.40362983103515,514.9,228,107.46,81.51,94.40362983103515,5.6417350592304905,15.248,0.0,0.0,512.93,,2025,6,22,0,Sunday,2025-06-22,Normal
2025-06-23 00:00:00+00:00,80.00469219924811,425.6,540,149.89,32.88,80.00469219924811,10.600982773097087,49.498,-0.15252525414074058,0.15252525414074058,433.07,,2025,6,23,0,Monday,2025-06-23,Normal
2025-06-23 00:00:00+00:00,80.00469219924811,425.6,540,149.89,32.88,80.00469219924811,10.600982773097087,49.498,0.0,0.0,416.06,,2025,6,23,0,Monday,2025-06-23,Normal
2025-06-23 00:00:00+00:00,80.00469219924811,425.6,540,149.89,32.88,80.00469219924811,10.600982773097087,49.498,0.0,0.0,375.77,,2025,6,23,0,Monday,2025-06-23,Normal
2025-06-23 00:00:00+00:00,80.00469219924811,425.6,540,149.89,32.88,80.00469219924811,10.600982773097087,49.498,0.0,0.0,378.86,,2025,6,23,0,Monday,2025-06-23,Normal
2025-06-23 00:00:00+00:00,80.00469219924811,425.6,540,149.89,32.88,80.00469219924811,10.600982773097087,49.498,0.0,0.0,434.56,,2025,6,23,0,Monday,2025-06-23,Normal
2025-06-23 00:00:00+00:00,80.00469219924811,425.6,540,149.89,32.88,80.00469219924811,10.600982773097087,49.498,0.0,0.0,535.96,,2025,6,23,0,Monday,2025-06-23,Normal
2025-06-23 00:00:00+00:00,80.00469219924811,425.6,540,149.89,32.88,80.00469219924811,10.600982773097087,49.498,0.0,0.0,589.22,,2025,6,23,0,Monday,2025-06-23,Normal
2025-06-23 00:00:00+00:00,80.00469219924811,425.6,540,149.89,32.88,80.00469219924811,10.600982773097087,49.498,0.0,0.0,544.61,,2025,6,23,0,Monday,2025-06-23,Normal
2025-06-23 00:00:00+00:00,80.00469219924811,425.6,540,149.89,32.88,80.00469219924811,10.600982773097087,49.498,0.0,0.0,446.37,,2025,6,23,0,Monday,2025-06-23,Normal
2025-06-23 00:00:00+00:00,80.00469219924811,425.6,540,149.89,32.88,80.00469219924811,10.600982773097087,49.498,0.0,0.0,179.13,,2025,6,23,0,Monday,2025-06-23,Normal
2025-06-23 00:00:00+00:00,80.00469219924811,425.6,540,149.89,32.88,80.00469219924811,10.600982773097087,49.498,0.0,0.0,100.94,,2025,6,23,0,Monday,2025-06-23,Normal
2025-06-23 00:00:00+00:00,80.00469219924811,425.6,540,149.89,32.88,80.00469219924811,10.600982773097087,49.498,0.0,0.0,127.96,,2025,6,23,0,Monday,2025-06-23,Normal
2025-06-23 00:00:00+00:00,80.00469219924811,425.6,540,149.89,32.88,80.00469219924811,10.600982773097087,49.498,0.0,0.0,203.66,,2025,6,23,0,Monday,2025-06-23,Normal
2025-06-23 00:00:00+00:00,80.00469219924811,425.6,540,149.89,32.88,80.00469219924811,10.600982773097087,49.498,0.0,0.0,221.64,,2025,6,23,0,Monday,2025-06-23,Normal
2025-06-23 00:00:00+00:00,80.00469219924811,425.6,540,149.89,32.88,80.00469219924811,10.600982773097087,49.498,0.0,0.0,225.09,,2025,6,23,0,Monday,2025-06-23,Normal
2025-06-23 00:00:00+00:00,80.00469219924811,425.6,540,149.89,32.88,80.00469219924811,10.600982773097087,49.498,0.0,0.0,348.29,,2025,6,23,0,Monday,2025-06-23,Normal
2025-06-23 00:00:00+00:00,80.00469219924811,425.6,540,149.89,32.88,80.00469219924811,10.600982773097087,49.498,0.0,0.0,499.63,,2025,6,23,0,Monday,2025-06-23,Normal
2025-06-23 00:00:00+00:00,80.00469219924811,425.6,540,149.89,32.88,80.00469219924811,10.600982773097087,49.498,0.0,0.0,701.56,,2025,6,23,0,Monday,2025-06-23,Normal
2025-06-23 00:00:00+00:00,80.00469219924811,425.6,540,149.89,32.88,80.00469219924811,10.600982773097087,49.498,0.0,0.0,1040.09,,2025,6,23,0,Monday,2025-06-23,Normal
2025-06-23 00:00:00+00:00,80.00469219924811,425.6,540,149.89,32.88,80.00469219924811,10.600982773097087,49.498,0.0,0.0,1003.0,,2025,6,23,0,Monday,2025-06-23,Normal
2025-06-23 00:00:00+00:00,80.00469219924811,425.6,540,149.89,32.88,80.00469219924811,10.600982773097087,49.498,0.0,0.0,844.09,,2025,6,23,0,Monday,2025-06-23,Normal
2025-06-23 00:00:00+00:00,80.00469219924811,425.6,540,149.89,32.88,80.00469219924811,10.600982773097087,49.498,0.0,0.0,780.0,,2025,6,23,0,Monday,2025-06-23,Normal
2025-06-23 00:00:00+00:00,80.00469219924811,425.6,540,149.89,32.88,80.00469219924811,10.600982773097087,49.498,0.0,0.0,671.28,,2025,6,23,0,Monday,2025-06-23,Normal
2025-06-23 00:00:00+00:00,80.00469219924811,425.6,540,149.89,32.88,80.00469219924811,10.600982773097087,49.498,0.0,0.0,670.62,,2025,6,23,0,Monday,2025-06-23,Normal
2025-06-24 00:00:00+00:00,87.73510597826088,368.0,175,131.25,30.92,87.73510597826088,10.980848473894467,46.238,0.09662450496979003,0.09662450496979003,550.0,,2025,6,24,0,Tuesday,2025-06-24,Normal
2025-06-24 00:00:00+00:00,87.73510597826088,368.0,175,131.25,30.92,87.73510597826088,10.980848473894467,46.238,0.0,0.0,527.24,,2025,6,24,0,Tuesday,2025-06-24,Normal
2025-06-24 00:00:00+00:00,87.73510597826088,368.0,175,131.25,30.92,87.73510597826088,10.980848473894467,46.238,0.0,0.0,501.56,,2025,6,24,0,Tuesday,2025-06-24,Normal
2025-06-24 00:00:00+00:00,87.73510597826088,368.0,175,131.25,30.92,87.73510597826088,10.980848473894467,46.238,0.0,0.0,482.59,,2025,6,24,0,Tuesday,2025-06-24,Normal
2025-06-24 00:00:00+00:00,87.73510597826088,368.0,175,131.25,30.92,87.73510597826088,10.980848473894467,46.238,0.0,0.0,460.0,,2025,6,24,0,Tuesday,2025-06-24,Normal
2025-06-24 00:00:00+00:00,87.73510597826088,368.0,175,131.25,30.92,87.73510597826088,10.980848473894467,46.238,0.0,0.0,528.86,,2025,6,24,0,Tuesday,2025-06-24,Normal
2025-06-24 00:00:00+00:00,87.73510597826088,368.0,175,131.25,30.92,87.73510597826088,10.980848473894467,46.238,0.0,0.0,552.78,,2025,6,24,0,Tuesday,2025-06-24,Normal
2025-06-24 00:00:00+00:00,87.73510597826088,368.0,175,131.25,30.92,87.73510597826088,10.980848473894467,46.238,0.0,0.0,556.95,,2025,6,24,0,Tuesday,2025-06-24,Normal
2025-06-24 00:00:00+00:00,87.73510597826088,368.0,175,131.25,30.92,87.73510597826088,10.980848473894467,46.238,0.0,0.0,436.72,,2025,6,24,0,Tuesday,2025-06-24,Normal
2025-06-24 00:00:00+00:00,87.73510597826088,368.0,175,131.25,30.92,87.73510597826088,10.980848473894467,46.238,0.0,0.0,284.19,,2025,6,24,0,Tuesday,2025-06-24,Normal
2025-06-24 00:00:00+00:00,87.73510597826088,368.0,175,131.25,30.92,87.73510597826088,10.980848473894467,46.238,0.0,0.0,126.52,,2025,6,24,0,Tuesday,2025-06-24,Normal
2025-06-24 00:00:00+00:00,87.73510597826088,368.0,175,131.25,30.92,87.73510597826088,10.980848473894467,46.238,0.0,0.0,100.12,,2025,6,24,0,Tuesday,2025-06-24,Normal
2025-06-24 00:00:00+00:00,87.73510597826088,368.0,175,131.25,30.92,87.73510597826088,10.980848473894467,46.238,0.0,0.0,92.25,,2025,6,24,0,Tuesday,2025-06-24,Normal
2025-06-24 00:00:00+00:00,87.73510597826088,368.0,175,131.25,30.92,87.73510597826088,10.980848473894467,46.238,0.0,0.0,85.64,,2025,6,24,0,Tuesday,2025-06-24,Normal
2025-06-24 00:00:00+00:00,87.73510597826088,368.0,175,131.25,30.92,87.73510597826088,10.980848473894467,46.238,0.0,0.0,87.1,,2025,6,24,0,Tuesday,2025-06-24,Normal
2025-06-24 00:00:00+00:00,87.73510597826088,368.0,175,131.25,30.92,87.73510597826088,10.980848473894467,46.238,0.0,0.0,191.56,,2025,6,24,0,Tuesday,2025-06-24,Normal
2025-06-24 00:00:00+00:00,87.73510597826088,368.0,175,131.25,30.92,87.73510597826088,10.980848473894467,46.238,0.0,0.0,338.87,,2025,6,24,0,Tuesday,2025-06-24,Normal
2025-06-24 00:00:00+00:00,87.73510597826088,368.0,175,131.25,30.92,87.73510597826088,10.980848473894467,46.238,0.0,0.0,568.68,,2025,6,24,0,Tuesday,2025-06-24,Normal
2025-06-24 00:00:00+00:00,87.73510597826088,368.0,175,131.25,30.92,87.73510597826088,10.980848473894467,46.238,0.0,0.0,792.69,,2025,6,24,0,Tuesday,2025-06-24,Normal
2025-06-24 00:00:00+00:00,87.73510597826088,368.0,175,131.25,30.92,87.73510597826088,10.980848473894467,46.238,0.0,0.0,964.77,,2025,6,24,0,Tuesday,2025-06-24,Normal
2025-06-24 00:00:00+00:00,87.73510597826088,368.0,175,131.25,30.92,87.73510597826088,10.980848473894467,46.238,0.0,0.0,847.37,,2025,6,24,0,Tuesday,2025-06-24,Normal
2025-06-24 00:00:00+00:00,87.73510597826088,368.0,175,131.25,30.92,87.73510597826088,10.980848473894467,46.238,0.0,0.0,812.6,,2025,6,24,0,Tuesday,2025-06-24,Normal
2025-06-24 00:00:00+00:00,87.73510597826088,368.0,175,131.25,30.92,87.73510597826088,10.980848473894467,46.238,0.0,0.0,779.5,,2025,6,24,0,Tuesday,2025-06-24,Normal
2025-06-24 00:00:00+00:00,87.73510597826088,368.0,175,131.25,30.92,87.73510597826088,10.980848473894467,46.238,0.0,0.0,728.11,,2025,6,24,0,Tuesday,2025-06-24,Normal
2025-06-25 00:00:00+00:00,103.83913543228385,600.3000000000001,483,132.42,82.55,103.83913543228385,6.819904204013523,31.041999999999994,0.18355285805448562,0.18355285805448562,671.02,,2025,6,25,0,Wednesday,2025-06-25,Normal
2025-06-25 00:00:00+00:00,103.83913543228385,600.3000000000001,483,132.42,82.55,103.83913543228385,6.819904204013523,31.041999999999994,0.0,0.0,585.37,,2025,6,25,0,Wednesday,2025-06-25,Normal
2025-06-25 00:00:00+00:00,103.83913543228385,600.3000000000001,483,132.42,82.55,103.83913543228385,6.819904204013523,31.041999999999994,0.0,0.0,556.74,,2025,6,25,0,Wednesday,2025-06-25,Normal
2025-06-25 00:00:00+00:00,103.83913543228385,600.3000000000001,483,132.42,82.55,103.83913543228385,6.819904204013523,31.041999999999994,0.0,0.0,550.0,,2025,6,25,0,Wednesday,2025-06-25,Normal
2025-06-25 00:00:00+00:00,103.83913543228385,600.3000000000001,483,132.42,82.55,103.83913543228385,6.819904204013523,31.041999999999994,0.0,0.0,605.44,,2025,6,25,0,Wednesday,2025-06-25,Normal
2025-06-25 00:00:00+00:00,103.83913543228385,600.3000000000001,483,132.42,82.55,103.83913543228385,6.819904204013523,31.041999999999994,0.0,0.0,587.91,,2025,6,25,0,Wednesday,2025-06-25,Normal
2025-06-25 00:00:00+00:00,103.83913543228385,600.3000000000001,483,132.42,82.55,103.83913543228385,6.819904204013523,31.041999999999994,0.0,0.0,550.0,,2025,6,25,0,Wednesday,2025-06-25,Normal
2025-06-25 00:00:00+00:00,103.83913543228385,600.3000000000001,483,132.42,82.55,103.83913543228385,6.819904204013523,31.041999999999994,0.0,0.0,564.51,,2025,6,25,0,Wednesday,2025-06-25,Normal
2025-06-25 00:00:00+00:00,103.83913543228385,600.3000000000001,483,132.42,82.55,103.83913543228385,6.819904204013523,31.041999999999994,0.0,0.0,498.64,,2025,6,25,0,Wednesday,2025-06-25,Normal
2025-06-25 00:00:00+00:00,103.83913543228385,600.3000000000001,483,132.42,82.55,103.83913543228385,6.819904204013523,31.041999999999994,0.0,0.0,368.81,,2025,6,25,0,Wednesday,2025-06-25,Normal
2025-06-25 00:00:00+00:00,103.83913543228385,600.3000000000001,483,132.42,82.55,103.83913543228385,6.819904204013523,31.041999999999994,0.0,0.0,121.14,,2025,6,25,0,Wednesday,2025-06-25,Normal
2025-06-25 00:00:00+00:00,103.83913543228385,600.3000000000001,483,132.42,82.55,103.83913543228385,6.819904204013523,31.041999999999994,0.0,0.0,68.74,,2025,6,25,0,Wednesday,2025-06-25,Normal
2025-06-25 00:00:00+00:00,103.83913543228385,600.3000000000001,483,132.42,82.55,103.83913543228385,6.819904204013523,31.041999999999994,0.0,0.0,77.38,,2025,6,25,0,Wednesday,2025-06-25,Normal
2025-06-25 00:00:00+00:00,103.83913543228385,600.3000000000001,483,132.42,82.55,103.83913543228385,6.819904204013523,31.041999999999994,0.0,0.0,65.51,,2025,6,25,0,Wednesday,2025-06-25,Normal
2025-06-25 00:00:00+00:00,103.83913543228385,600.3000000000001,483,132.42,82.55,103.83913543228385,6.819904204013523,31.041999999999994,0.0,0.0,147.19,,2025,6,25,0,Wednesday,2025-06-25,Normal
2025-06-25 00:00:00+00:00,103.83913543228385,600.3000000000001,483,132.42,82.55,103.83913543228385,6.819904204013523,31.041999999999994,0.0,0.0,224.04,,2025,6,25,0,Wednesday,2025-06-25,Normal
2025-06-25 00:00:00+00:00,103.83913543228385,600.3000000000001,483,132.42,82.55,103.83913543228385,6.819904204013523,31.041999999999994,0.0,0.0,464.39,,2025,6,25,0,Wednesday,2025-06-25,Normal
2025-06-25 00:00:00+00:00,103.83913543228385,600.3000000000001,483,132.42,82.55,103.83913543228385,6.819904204013523,31.041999999999994,0.0,0.0,570.87,,2025,6,25,0,Wednesday,2025-06-25,Normal
2025-06-25 00:00:00+00:00,103.83913543228385,600.3000000000001,483,132.42,82.55,103.83913543228385,6.819904204013523,31.041999999999994,0.0,0.0,690.96,,2025,6,25,0,Wednesday,2025-06-25,Normal
2025-06-25 00:00:00+00:00,103.83913543228385,600.3000000000001,483,132.42,82.55,103.83913543228385,6.819904204013523,31.041999999999994,0.0,0.0,906.15,,2025,6,25,0,Wednesday,2025-06-25,Normal
2025-06-25 00:00:00+00:00,103.83913543228385,600.3000000000001,483,132.42,82.55,103.83913543228385,6.819904204013523,31.041999999999994,0.0,0.0,1056.51,,2025,6,25,0,Wednesday,2025-06-25,Normal
2025-06-25 00:00:00+00:00,103.83913543228385,600.3000000000001,483,132.42,82.55,103.83913543228385,6.819904204013523,31.041999999999994,0.0,0.0,1255.07,,2025,6,25,0,Wednesday,2025-06-25,Normal
2025-06-25 00:00:00+00:00,103.83913543228385,600.3000000000001,483,132.42,82.55,103.83913543228385,6.819904204013523,31.041999999999994,0.0,0.0,890.5,,2025,6,25,0,Wednesday,2025-06-25,Normal
2025-06-25 00:00:00+00:00,103.83913543228385,600.3000000000001,483,132.42,82.55,103.83913543228385,6.819904204013523,31.041999999999994,0.0,0.0,672.54,,2025,6,25,0,Wednesday,2025-06-25,Normal
2025-06-26 00:00:00+00:00,133.8475957727873,605.6,775,190.0,78.6,133.8475957727873,17.670937677674498,91.446,0.2889898901370642,0.2889898901370642,606.02,,2025,6,26,0,Thursday,2025-06-26,P95_or_more
2025-06-26 00:00:00+00:00,133.8475957727873,605.6,775,190.0,78.6,133.8475957727873,17.670937677674498,91.446,0.0,0.0,550.0,,2025,6,26,0,Thursday,2025-06-26,P95_or_more
2025-06-26 00:00:00+00:00,133.8475957727873,605.6,775,190.0,78.6,133.8475957727873,17.670937677674498,91.446,0.0,0.0,527.44,,2025,6,26,0,Thursday,2025-06-26,P95_or_more
2025-06-26 00:00:00+00:00,133.8475957727873,605.6,775,190.0,78.6,133.8475957727873,17.670937677674498,91.446,0.0,0.0,516.26,,2025,6,26,0,Thursday,2025-06-26,P95_or_more
2025-06-26 00:00:00+00:00,133.8475957727873,605.6,775,190.0,78.6,133.8475957727873,17.670937677674498,91.446,0.0,0.0,516.41,,2025,6,26,0,Thursday,2025-06-26,P95_or_more
2025-06-26 00:00:00+00:00,133.8475957727873,605.6,775,190.0,78.6,133.8475957727873,17.670937677674498,91.446,0.0,0.0,550.0,,2025,6,26,0,Thursday,2025-06-26,P95_or_more
2025-06-26 00:00:00+00:00,133.8475957727873,605.6,775,190.0,78.6,133.8475957727873,17.670937677674498,91.446,0.0,0.0,602.64,,2025,6,26,0,Thursday,2025-06-26,P95_or_more
2025-06-26 00:00:00+00:00,133.8475957727873,605.6,775,190.0,78.6,133.8475957727873,17.670937677674498,91.446,0.0,0.0,611.24,,2025,6,26,0,Thursday,2025-06-26,P95_or_more
2025-06-26 00:00:00+00:00,133.8475957727873,605.6,775,190.0,78.6,133.8475957727873,17.670937677674498,91.446,0.0,0.0,539.55,,2025,6,26,0,Thursday,2025-06-26,P95_or_more
2025-06-26 00:00:00+00:00,133.8475957727873,605.6,775,190.0,78.6,133.8475957727873,17.670937677674498,91.446,0.0,0.0,490.58,,2025,6,26,0,Thursday,2025-06-26,P95_or_more
2025-06-26 00:00:00+00:00,133.8475957727873,605.6,775,190.0,78.6,133.8475957727873,17.670937677674498,91.446,0.0,0.0,445.14,,2025,6,26,0,Thursday,2025-06-26,P95_or_more
2025-06-26 00:00:00+00:00,133.8475957727873,605.6,775,190.0,78.6,133.8475957727873,17.670937677674498,91.446,0.0,0.0,407.49,,2025,6,26,0,Thursday,2025-06-26,P95_or_more
2025-06-26 00:00:00+00:00,133.8475957727873,605.6,775,190.0,78.6,133.8475957727873,17.670937677674498,91.446,0.0,0.0,356.93,,2025,6,26,0,Thursday,2025-06-26,P95_or_more
2025-06-26 00:00:00+00:00,133.8475957727873,605.6,775,190.0,78.6,133.8475957727873,17.670937677674498,91.446,0.0,0.0,336.2,,2025,6,26,0,Thursday,2025-06-26,P95_or_more
2025-06-26 00:00:00+00:00,133.8475957727873,605.6,775,190.0,78.6,133.8475957727873,17.670937677674498,91.446,0.0,0.0,332.46,,2025,6,26,0,Thursday,2025-06-26,P95_or_more
2025-06-26 00:00:00+00:00,133.8475957727873,605.6,775,190.0,78.6,133.8475957727873,17.670937677674498,91.446,0.0,0.0,441.74,,2025,6,26,0,Thursday,2025-06-26,P95_or_more
2025-06-26 00:00:00+00:00,133.8475957727873,605.6,775,190.0,78.6,133.8475957727873,17.670937677674498,91.446,0.0,0.0,513.79,,2025,6,26,0,Thursday,2025-06-26,P95_or_more
2025-06-26 00:00:00+00:00,133.8475957727873,605.6,775,190.0,78.6,133.8475957727873,17.670937677674498,91.446,0.0,0.0,593.39,,2025,6,26,0,Thursday,2025-06-26,P95_or_more
2025-06-26 00:00:00+00:00,133.8475957727873,605.6,775,190.0,78.6,133.8475957727873,17.670937677674498,91.446,0.0,0.0,774.46,,2025,6,26,0,Thursday,2025-06-26,P95_or_more
2025-06-26 00:00:00+00:00,133.8475957727873,605.6,775,190.0,78.6,133.8475957727873,17.670937677674498,91.446,0.0,0.0,1144.47,,2025,6,26,0,Thursday,2025-06-26,P95_or_more
2025-06-26 00:00:00+00:00,133.8475957727873,605.6,775,190.0,78.6,133.8475957727873,17.670937677674498,91.446,0.0,0.0,1199.21,,2025,6,26,0,Thursday,2025-06-26,P95_or_more
2025-06-26 00:00:00+00:00,133.8475957727873,605.6,775,190.0,78.6,133.8475957727873,17.670937677674498,91.446,0.0,0.0,951.67,,2025,6,26,0,Thursday,2025-06-26,P95_or_more
2025-06-26 00:00:00+00:00,133.8475957727873,605.6,775,190.0,78.6,133.8475957727873,17.670937677674498,91.446,0.0,0.0,761.47,,2025,6,26,0,Thursday,2025-06-26,P95_or_more
2025-06-26 00:00:00+00:00,133.8475957727873,605.6,775,190.0,78.6,133.8475957727873,17.670937677674498,91.446,0.0,0.0,663.4,,2025,6,26,0,Thursday,2025-06-26,P95_or_more
2025-06-27 00:00:00+00:00,104.02661746617467,569.0999999999999,400,142.99,34.45,104.02661746617467,12.440900663470234,49.186,-0.22279801242926434,0.22279801242926434,631.73,,2025,6,27,0,Friday,2025-06-27,Normal
2025-06-27 00:00:00+00:00,104.02661746617467,569.0999999999999,400,142.99,34.45,104.02661746617467,12.440900663470234,49.186,0.0,0.0,610.68,,2025,6,27,0,Friday,2025-06-27,Normal
2025-06-27 00:00:00+00:00,104.02661746617467,569.0999999999999,400,142.99,34.45,104.02661746617467,12.440900663470234,49.186,0.0,0.0,591.29,,2025,6,27,0,Friday,2025-06-27,Normal
2025-06-27 00:00:00+00:00,104.02661746617467,569.0999999999999,400,142.99,34.45,104.02661746617467,12.440900663470234,49.186,0.0,0.0,566.66,,2025,6,27,0,Friday,2025-06-27,Normal
2025-06-27 00:00:00+00:00,104.02661746617467,569.0999999999999,400,142.99,34.45,104.02661746617467,12.440900663470234,49.186,0.0,0.0,557.65,,2025,6,27,0,Friday,2025-06-27,Normal
2025-06-27 00:00:00+00:00,104.02661746617467,569.0999999999999,400,142.99,34.45,104.02661746617467,12.440900663470234,49.186,0.0,0.0,550.0,,2025,6,27,0,Friday,2025-06-27,Normal
2025-06-27 00:00:00+00:00,104.02661746617467,569.0999999999999,400,142.99,34.45,104.02661746617467,12.440900663470234,49.186,0.0,0.0,550.19,,2025,6,27,0,Friday,2025-06-27,Normal
2025-06-27 00:00:00+00:00,104.02661746617467,569.0999999999999,400,142.99,34.45,104.02661746617467,12.440900663470234,49.186,0.0,0.0,572.09,,2025,6,27,0,Friday,2025-06-27,Normal
2025-06-27 00:00:00+00:00,104.02661746617467,569.0999999999999,400,142.99,34.45,104.02661746617467,12.440900663470234,49.186,0.0,0.0,544.28,,2025,6,27,0,Friday,2025-06-27,Normal
2025-06-27 00:00:00+00:00,104.02661746617467,569.0999999999999,400,142.99,34.45,104.02661746617467,12.440900663470234,49.186,0.0,0.0,461.42,,2025,6,27,0,Friday,2025-06-27,Normal
2025-06-27 00:00:00+00:00,104.02661746617467,569.0999999999999,400,142.99,34.45,104.02661746617467,12.440900663470234,49.186,0.0,0.0,400.39,,2025,6,27,0,Friday,2025-06-27,Normal
2025-06-27 00:00:00+00:00,104.02661746617467,569.0999999999999,400,142.99,34.45,104.02661746617467,12.440900663470234,49.186,0.0,0.0,340.87,,2025,6,27,0,Friday,2025-06-27,Normal
2025-06-27 00:00:00+00:00,104.02661746617467,569.0999999999999,400,142.99,34.45,104.02661746617467,12.440900663470234,49.186,0.0,0.0,277.71,,2025,6,27,0,Friday,2025-06-27,Normal
2025-06-27 00:00:00+00:00,104.02661746617467,569.0999999999999,400,142.99,34.45,104.02661746617467,12.440900663470234,49.186,0.0,0.0,343.9,,2025,6,27,0,Friday,2025-06-27,Normal
2025-06-27 00:00:00+00:00,104.02661746617467,569.0999999999999,400,142.99,34.45,104.02661746617467,12.440900663470234,49.186,0.0,0.0,383.89,,2025,6,27,0,Friday,2025-06-27,Normal
2025-06-27 00:00:00+00:00,104.02661746617467,569.0999999999999,400,142.99,34.45,104.02661746617467,12.440900663470234,49.186,0.0,0.0,544.65,,2025,6,27,0,Friday,2025-06-27,Normal
2025-06-27 00:00:00+00:00,104.02661746617467,569.0999999999999,400,142.99,34.45,104.02661746617467,12.440900663470234,49.186,0.0,0.0,581.19,,2025,6,27,0,Friday,2025-06-27,Normal
2025-06-27 00:00:00+00:00,104.02661746617467,569.0999999999999,400,142.99,34.45,104.02661746617467,12.440900663470234,49.186,0.0,0.0,593.55,,2025,6,27,0,Friday,2025-06-27,Normal
2025-06-27 00:00:00+00:00,104.02661746617467,569.0999999999999,400,142.99,34.45,104.02661746617467,12.440900663470234,49.186,0.0,0.0,756.44,,2025,6,27,0,Friday,2025-06-27,Normal
2025-06-27 00:00:00+00:00,104.02661746617467,569.0999999999999,400,142.99,34.45,104.02661746617467,12.440900663470234,49.186,0.0,0.0,828.65,,2025,6,27,0,Friday,2025-06-27,Normal
2025-06-27 00:00:00+00:00,104.02661746617467,569.0999999999999,400,142.99,34.45,104.02661746617467,12.440900663470234,49.186,0.0,0.0,897.05,,2025,6,27,0,Friday,2025-06-27,Normal
2025-06-27 00:00:00+00:00,104.02661746617467,569.0999999999999,400,142.99,34.45,104.02661746617467,12.440900663470234,49.186,0.0,0.0,720.42,,2025,6,27,0,Friday,2025-06-27,Normal
2025-06-27 00:00:00+00:00,104.02661746617467,569.0999999999999,400,142.99,34.45,104.02661746617467,12.440900663470234,49.186,0.0,0.0,657.26,,2025,6,27,0,Friday,2025-06-27,Normal
2025-06-27 00:00:00+00:00,104.02661746617467,569.0999999999999,400,142.99,34.45,104.02661746617467,12.440900663470234,49.186,0.0,0.0,591.29,,2025,6,27,0,Friday,2025-06-27,Normal
2025-06-28 00:00:00+00:00,75.98823447957535,433.3,344,103.97,59.06,75.98823447957535,5.58781199549,24.330000000000002,-0.2695308534444686,0.2695308534444686,516.06,,2025,6,28,0,Saturday,2025-06-28,Normal
2025-06-28 00:00:00+00:00,75.98823447957535,433.3,344,103.97,59.06,75.98823447957535,5.58781199549,24.330000000000002,0.0,0.0,456.66,,2025,6,28,0,Saturday,2025-06-28,Normal
2025-06-28 00:00:00+00:00,75.98823447957535,433.3,344,103.97,59.06,75.98823447957535,5.58781199549,24.330000000000002,0.0,0.0,418.98,,2025,6,28,0,Saturday,2025-06-28,Normal
2025-06-28 00:00:00+00:00,75.98823447957535,433.3,344,103.97,59.06,75.98823447957535,5.58781199549,24.330000000000002,0.0,0.0,397.63,,2025,6,28,0,Saturday,2025-06-28,Normal
2025-06-28 00:00:00+00:00,75.98823447957535,433.3,344,103.97,59.06,75.98823447957535,5.58781199549,24.330000000000002,0.0,0.0,359.42,,2025,6,28,0,Saturday,2025-06-28,Normal
2025-06-28 00:00:00+00:00,75.98823447957535,433.3,344,103.97,59.06,75.98823447957535,5.58781199549,24.330000000000002,0.0,0.0,388.6,,2025,6,28,0,Saturday,2025-06-28,Normal
2025-06-28 00:00:00+00:00,75.98823447957535,433.3,344,103.97,59.06,75.98823447957535,5.58781199549,24.330000000000002,0.0,0.0,383.64,,2025,6,28,0,Saturday,2025-06-28,Normal
2025-06-28 00:00:00+00:00,75.98823447957535,433.3,344,103.97,59.06,75.98823447957535,5.58781199549,24.330000000000002,0.0,0.0,301.06,,2025,6,28,0,Saturday,2025-06-28,Normal
2025-06-28 00:00:00+00:00,75.98823447957535,433.3,344,103.97,59.06,75.98823447957535,5.58781199549,24.330000000000002,0.0,0.0,140.99,,2025,6,28,0,Saturday,2025-06-28,Normal
2025-06-28 00:00:00+00:00,75.98823447957535,433.3,344,103.97,59.06,75.98823447957535,5.58781199549,24.330000000000002,0.0,0.0,11.89,,2025,6,28,0,Saturday,2025-06-28,Normal
2025-06-28 00:00:00+00:00,75.98823447957535,433.3,344,103.97,59.06,75.98823447957535,5.58781199549,24.330000000000002,0.0,0.0,0.05,,2025,6,28,0,Saturday,2025-06-28,Normal
2025-06-28 00:00:00+00:00,75.98823447957535,433.3,344,103.97,59.06,75.98823447957535,5.58781199549,24.330000000000002,0.0,0.0,2.54,,2025,6,28,0,Saturday,2025-06-28,Normal
2025-06-28 00:00:00+00:00,75.98823447957535,433.3,344,103.97,59.06,75.98823447957535,5.58781199549,24.330000000000002,0.0,0.0,12.97,,2025,6,28,0,Saturday,2025-06-28,Normal
2025-06-28 00:00:00+00:00,75.98823447957535,433.3,344,103.97,59.06,75.98823447957535,5.58781199549,24.330000000000002,0.0,0.0,0.03,,2025,6,28,0,Saturday,2025-06-28,Normal
2025-06-28 00:00:00+00:00,75.98823447957535,433.3,344,103.97,59.06,75.98823447957535,5.58781199549,24.330000000000002,0.0,0.0,10.4,,2025,6,28,0,Saturday,2025-06-28,Normal
2025-06-28 00:00:00+00:00,75.98823447957535,433.3,344,103.97,59.06,75.98823447957535,5.58781199549,24.330000000000002,0.0,0.0,0.33,,2025,6,28,0,Saturday,2025-06-28,Normal
2025-06-28 00:00:00+00:00,75.98823447957535,433.3,344,103.97,59.06,75.98823447957535,5.58781199549,24.330000000000002,0.0,0.0,117.33,,2025,6,28,0,Saturday,2025-06-28,Normal
2025-06-28 00:00:00+00:00,75.98823447957535,433.3,344,103.97,59.06,75.98823447957535,5.58781199549,24.330000000000002,0.0,0.0,515.94,,2025,6,28,0,Saturday,2025-06-28,Normal
2025-06-28 00:00:00+00:00,75.98823447957535,433.3,344,103.97,59.06,75.98823447957535,5.58781199549,24.330000000000002,0.0,0.0,550.0,,2025,6,28,0,Saturday,2025-06-28,Normal
2025-06-28 00:00:00+00:00,75.98823447957535,433.3,344,103.97,59.06,75.98823447957535,5.58781199549,24.330000000000002,0.0,0.0,575.17,,2025,6,28,0,Saturday,2025-06-28,Normal
2025-06-28 00:00:00+00:00,75.98823447957535,433.3,344,103.97,59.06,75.98823447957535,5.58781199549,24.330000000000002,0.0,0.0,638.47,,2025,6,28,0,Saturday,2025-06-28,Normal
2025-06-28 00:00:00+00:00,75.98823447957535,433.3,344,103.97,59.06,75.98823447957535,5.58781199549,24.330000000000002,0.0,0.0,645.05,,2025,6,28,0,Saturday,2025-06-28,Normal
2025-06-28 00:00:00+00:00,75.98823447957535,433.3,344,103.97,59.06,75.98823447957535,5.58781199549,24.330000000000002,0.0,0.0,608.93,,2025,6,28,0,Saturday,2025-06-28,Normal
2025-06-28 00:00:00+00:00,75.98823447957535,433.3,344,103.97,59.06,75.98823447957535,5.58781199549,24.330000000000002,0.0,0.0,524.93,,2025,6,28,0,Saturday,2025-06-28,Normal
2025-06-29 00:00:00+00:00,84.54912948641683,504.29999999999995,269,103.1,76.96,84.54912948641683,2.8248502163604767,11.9,0.11266079631238868,0.11266079631238868,482.75,,2025,6,29,0,Sunday,2025-06-29,Normal
2025-06-29 00:00:00+00:00,84.54912948641683,504.29999999999995,269,103.1,76.96,84.54912948641683,2.8248502163604767,11.9,0.0,0.0,454.07,,2025,6,29,0,Sunday,2025-06-29,Normal
2025-06-29 00:00:00+00:00,84.54912948641683,504.29999999999995,269,103.1,76.96,84.54912948641683,2.8248502163604767,11.9,0.0,0.0,455.27,,2025,6,29,0,Sunday,2025-06-29,Normal
2025-06-29 00:00:00+00:00,84.54912948641683,504.29999999999995,269,103.1,76.96,84.54912948641683,2.8248502163604767,11.9,0.0,0.0,440.85,,2025,6,29,0,Sunday,2025-06-29,Normal
2025-06-29 00:00:00+00:00,84.54912948641683,504.29999999999995,269,103.1,76.96,84.54912948641683,2.8248502163604767,11.9,0.0,0.0,432.77,,2025,6,29,0,Sunday,2025-06-29,Normal
2025-06-29 00:00:00+00:00,84.54912948641683,504.29999999999995,269,103.1,76.96,84.54912948641683,2.8248502163604767,11.9,0.0,0.0,433.15,,2025,6,29,0,Sunday,2025-06-29,Normal
2025-06-29 00:00:00+00:00,84.54912948641683,504.29999999999995,269,103.1,76.96,84.54912948641683,2.8248502163604767,11.9,0.0,0.0,438.48,,2025,6,29,0,Sunday,2025-06-29,Normal
2025-06-29 00:00:00+00:00,84.54912948641683,504.29999999999995,269,103.1,76.96,84.54912948641683,2.8248502163604767,11.9,0.0,0.0,206.16,,2025,6,29,0,Sunday,2025-06-29,Normal
2025-06-29 00:00:00+00:00,84.54912948641683,504.29999999999995,269,103.1,76.96,84.54912948641683,2.8248502163604767,11.9,0.0,0.0,31.44,,2025,6,29,0,Sunday,2025-06-29,Normal
2025-06-29 00:00:00+00:00,84.54912948641683,504.29999999999995,269,103.1,76.96,84.54912948641683,2.8248502163604767,11.9,0.0,0.0,0.51,,2025,6,29,0,Sunday,2025-06-29,Normal
2025-06-29 00:00:00+00:00,84.54912948641683,504.29999999999995,269,103.1,76.96,84.54912948641683,2.8248502163604767,11.9,0.0,0.0,-0.01,,2025,6,29,0,Sunday,2025-06-29,Normal
2025-06-29 00:00:00+00:00,84.54912948641683,504.29999999999995,269,103.1,76.96,84.54912948641683,2.8248502163604767,11.9,0.0,0.0,-1.07,,2025,6,29,0,Sunday,2025-06-29,Normal
2025-06-29 00:00:00+00:00,84.54912948641683,504.29999999999995,269,103.1,76.96,84.54912948641683,2.8248502163604767,11.9,0.0,0.0,-23.5,,2025,6,29,0,Sunday,2025-06-29,Normal
2025-06-29 00:00:00+00:00,84.54912948641683,504.29999999999995,269,103.1,76.96,84.54912948641683,2.8248502163604767,11.9,0.0,0.0,-68.09,,2025,6,29,0,Sunday,2025-06-29,Normal
2025-06-29 00:00:00+00:00,84.54912948641683,504.29999999999995,269,103.1,76.96,84.54912948641683,2.8248502163604767,11.9,0.0,0.0,-27.8,,2025,6,29,0,Sunday,2025-06-29,Normal
2025-06-29 00:00:00+00:00,84.54912948641683,504.29999999999995,269,103.1,76.96,84.54912948641683,2.8248502163604767,11.9,0.0,0.0,0.0,,2025,6,29,0,Sunday,2025-06-29,Normal
2025-06-29 00:00:00+00:00,84.54912948641683,504.29999999999995,269,103.1,76.96,84.54912948641683,2.8248502163604767,11.9,0.0,0.0,5.29,,2025,6,29,0,Sunday,2025-06-29,Normal
2025-06-29 00:00:00+00:00,84.54912948641683,504.29999999999995,269,103.1,76.96,84.54912948641683,2.8248502163604767,11.9,0.0,0.0,235.28,,2025,6,29,0,Sunday,2025-06-29,Normal
2025-06-29 00:00:00+00:00,84.54912948641683,504.29999999999995,269,103.1,76.96,84.54912948641683,2.8248502163604767,11.9,0.0,0.0,471.45,,2025,6,29,0,Sunday,2025-06-29,Normal
2025-06-29 00:00:00+00:00,84.54912948641683,504.29999999999995,269,103.1,76.96,84.54912948641683,2.8248502163604767,11.9,0.0,0.0,518.67,,2025,6,29,0,Sunday,2025-06-29,Normal
2025-06-29 00:00:00+00:00,84.54912948641683,504.29999999999995,269,103.1,76.96,84.54912948641683,2.8248502163604767,11.9,0.0,0.0,568.64,,2025,6,29,0,Sunday,2025-06-29,Normal
2025-06-29 00:00:00+00:00,84.54912948641683,504.29999999999995,269,103.1,76.96,84.54912948641683,2.8248502163604767,11.9,0.0,0.0,599.56,,2025,6,29,0,Sunday,2025-06-29,Normal
2025-06-29 00:00:00+00:00,84.54912948641683,504.29999999999995,269,103.1,76.96,84.54912948641683,2.8248502163604767,11.9,0.0,0.0,577.52,,2025,6,29,0,Sunday,2025-06-29,Normal
2025-06-29 00:00:00+00:00,84.54912948641683,504.29999999999995,269,103.1,76.96,84.54912948641683,2.8248502163604767,11.9,0.0,0.0,512.88,,2025,6,29,0,Sunday,2025-06-29,Normal
2025-06-30 00:00:00+00:00,85.74296037735849,530.0,242,97.79,70.55,85.74296037735849,5.0924246454501745,14.706000000000003,0.014119966677284879,0.014119966677284879,501.33,,2025,6,30,0,Monday,2025-06-30,Normal
2025-06-30 00:00:00+00:00,85.74296037735849,530.0,242,97.79,70.55,85.74296037735849,5.0924246454501745,14.706000000000003,0.0,0.0,452.07,,2025,6,30,0,Monday,2025-06-30,Normal
2025-06-30 00:00:00+00:00,85.74296037735849,530.0,242,97.79,70.55,85.74296037735849,5.0924246454501745,14.706000000000003,0.0,0.0,431.79,,2025,6,30,0,Monday,2025-06-30,Normal
2025-06-30 00:00:00+00:00,85.74296037735849,530.0,242,97.79,70.55,85.74296037735849,5.0924246454501745,14.706000000000003,0.0,0.0,427.2,,2025,6,30,0,Monday,2025-06-30,Normal
2025-06-30 00:00:00+00:00,85.74296037735849,530.0,242,97.79,70.55,85.74296037735849,5.0924246454501745,14.706000000000003,0.0,0.0,437.84,,2025,6,30,0,Monday,2025-06-30,Normal
2025-06-30 00:00:00+00:00,85.74296037735849,530.0,242,97.79,70.55,85.74296037735849,5.0924246454501745,14.706000000000003,0.0,0.0,488.56,,2025,6,30,0,Monday,2025-06-30,Normal
2025-06-30 00:00:00+00:00,85.74296037735849,530.0,242,97.79,70.55,85.74296037735849,5.0924246454501745,14.706000000000003,0.0,0.0,550.0,,2025,6,30,0,Monday,2025-06-30,Normal
2025-06-30 00:00:00+00:00,85.74296037735849,530.0,242,97.79,70.55,85.74296037735849,5.0924246454501745,14.706000000000003,0.0,0.0,550.0,,2025,6,30,0,Monday,2025-06-30,Normal
2025-06-30 00:00:00+00:00,85.74296037735849,530.0,242,97.79,70.55,85.74296037735849,5.0924246454501745,14.706000000000003,0.0,0.0,490.0,,2025,6,30,0,Monday,2025-06-30,Normal
2025-06-30 00:00:00+00:00,85.74296037735849,530.0,242,97.79,70.55,85.74296037735849,5.0924246454501745,14.706000000000003,0.0,0.0,488.65,,2025,6,30,0,Monday,2025-06-30,Normal
2025-06-30 00:00:00+00:00,85.74296037735849,530.0,242,97.79,70.55,85.74296037735849,5.0924246454501745,14.706000000000003,0.0,0.0,202.0,,2025,6,30,0,Monday,2025-06-30,Normal
2025-06-30 00:00:00+00:00,85.74296037735849,530.0,242,97.79,70.55,85.74296037735849,5.0924246454501745,14.706000000000003,0.0,0.0,253.9,,2025,6,30,0,Monday,2025-06-30,Normal
2025-06-30 00:00:00+00:00,85.74296037735849,530.0,242,97.79,70.55,85.74296037735849,5.0924246454501745,14.706000000000003,0.0,0.0,209.09,,2025,6,30,0,Monday,2025-06-30,Normal
2025-06-30 00:00:00+00:00,85.74296037735849,530.0,242,97.79,70.55,85.74296037735849,5.0924246454501745,14.706000000000003,0.0,0.0,279.81,,2025,6,30,0,Monday,2025-06-30,Normal
2025-06-30 00:00:00+00:00,85.74296037735849,530.0,242,97.79,70.55,85.74296037735849,5.0924246454501745,14.706000000000003,0.0,0.0,322.02,,2025,6,30,0,Monday,2025-06-30,Normal
2025-06-30 00:00:00+00:00,85.74296037735849,530.0,242,97.79,70.55,85.74296037735849,5.0924246454501745,14.706000000000003,0.0,0.0,534.43,,2025,6,30,0,Monday,2025-06-30,Normal
2025-06-30 00:00:00+00:00,85.74296037735849,530.0,242,97.79,70.55,85.74296037735849,5.0924246454501745,14.706000000000003,0.0,0.0,516.53,,2025,6,30,0,Monday,2025-06-30,Normal
2025-06-30 00:00:00+00:00,85.74296037735849,530.0,242,97.79,70.55,85.74296037735849,5.0924246454501745,14.706000000000003,0.0,0.0,550.0,,2025,6,30,0,Monday,2025-06-30,Normal
2025-06-30 00:00:00+00:00,85.74296037735849,530.0,242,97.79,70.55,85.74296037735849,5.0924246454501745,14.706000000000003,0.0,0.0,576.04,,2025,6,30,0,Monday,2025-06-30,Normal
2025-06-30 00:00:00+00:00,85.74296037735849,530.0,242,97.79,70.55,85.74296037735849,5.0924246454501745,14.706000000000003,0.0,0.0,908.67,,2025,6,30,0,Monday,2025-06-30,Normal
2025-06-30 00:00:00+00:00,85.74296037735849,530.0,242,97.79,70.55,85.74296037735849,5.0924246454501745,14.706000000000003,0.0,0.0,1407.39,,2025,6,30,0,Monday,2025-06-30,Normal
2025-06-30 00:00:00+00:00,85.74296037735849,530.0,242,97.79,70.55,85.74296037735849,5.0924246454501745,14.706000000000003,0.0,0.0,1171.93,,2025,6,30,0,Monday,2025-06-30,Normal
2025-06-30 00:00:00+00:00,85.74296037735849,530.0,242,97.79,70.55,85.74296037735849,5.0924246454501745,14.706000000000003,0.0,0.0,797.25,,2025,6,30,0,Monday,2025-06-30,Normal
2025-06-30 00:00:00+00:00,85.74296037735849,530.0,242,97.79,70.55,85.74296037735849,5.0924246454501745,14.706000000000003,0.0,0.0,622.83,,2025,6,30,0,Monday,2025-06-30,Normal
